,ids,Nombre,edad,gasto,motiv,cluster
0,21,nom1,46,50,2,0
1,23,nom2,44,94,4,0
2,29,nom3,46,35,2,0
3,31,nom4,35,151,16,0
4,35,nom5,15,108,5,0
5,38,nom6,23,40,8,0
6,39,nom7,36,193,5,2
7,46,nom8,45,77,2,0
8,50,nom9,24,213,15,2
9,57,nom10,52,24,8,0
10,58,nom11,59,1026,3,1
11,59,nom12,65,29,8,0
12,61,nom13,26,109,8,0
13,78,nom14,47,41,8,0
14,89,nom15,56,388,7,2
15,94,nom16,30,12,7,0
16,97,nom17,34,387,8,2
17,100,nom18,45,44,8,0
18,106,nom19,58,99,2,0
19,107,nom20,55,738,4,1
20,109,nom21,50,256,2,2
21,112,nom22,53,46,8,0
22,119,nom23,15,245,8,2
23,123,nom24,43,300,18,2
24,135,nom25,58,532,2,1
25,137,nom26,28,305,8,2
26,161,nom27,33,77,8,0
27,165,nom28,30,46,8,0
28,168,nom29,35,230,8,2
29,177,nom30,34,45,8,0
30,178,nom31,49,688,18,1
31,182,nom32,48,272,18,2
32,183,nom33,53,83,8,0
33,195,nom34,32,406,5,2
34,197,nom35,54,36,8,0
35,199,nom36,22,153,3,0
36,201,nom37,58,36,12,0
37,203,nom38,56,563,8,1
38,210,nom39,67,377,8,2
39,219,nom40,28,58,6,0
40,220,nom41,17,35,8,0
41,223,nom42,38,206,2,2
42,230,nom43,57,88,7,0
43,247,nom44,34,124,8,0
44,249,nom45,53,50,8,0
45,254,nom46,63,50,1,0
46,265,nom47,66,413,8,2
47,270,nom48,62,119,3,0
48,272,nom49,46,24,8,0
49,275,nom50,33,58,8,0
50,279,nom51,80,559,7,1
51,292,nom52,38,573,7,1
52,293,nom53,72,114,8,0
53,295,nom54,37,62,15,0
54,296,nom55,30,54,8,0
55,299,nom56,69,377,2,2
56,301,nom57,48,64,8,0
57,302,nom58,40,313,18,2
58,308,nom59,33,71,8,0
59,310,nom60,41,158,18,0
60,311,nom61,32,361,2,2
61,313,nom62,65,160,7,0
62,326,nom63,21,72,8,0
63,337,nom64,33,1413,8,4
64,339,nom65,65,52,7,0
65,341,nom66,39,86,8,0
66,343,nom67,46,133,8,0
67,356,nom68,76,30,7,0
68,360,nom69,19,292,8,2
69,364,nom70,59,124,18,0
70,377,nom71,35,28,8,0
71,379,nom72,29,31,8,0
72,383,nom73,16,116,8,0
73,392,nom74,46,43,8,0
74,398,nom75,47,346,8,2
75,403,nom76,38,137,12,0
76,404,nom77,44,98,5,0
77,409,nom78,51,325,8,2
78,413,nom79,73,414,1,2
79,416,nom80,52,27,7,0
80,438,nom81,39,180,8,0
81,440,nom82,45,67,3,0
82,443,nom83,59,35,8,0
83,448,nom84,51,94,8,0
84,462,nom85,65,65,7,0
85,466,nom86,79,20,8,0
86,470,nom87,68,426,8,2
87,476,nom88,74,248,1,2
88,483,nom89,41,91,8,0
89,487,nom90,46,25,8,0
90,495,nom91,56,65,8,0
91,504,nom92,36,40,15,0
92,507,nom93,36,145,3,0
93,511,nom94,31,56,5,0
94,517,nom95,18,1005,2,1
95,526,nom96,44,105,5,0
96,537,nom97,43,93,8,0
97,541,nom98,65,514,1,1
98,544,nom99,43,236,5,2
99,546,nom100,41,61,8,0
100,562,nom101,57,88,8,0
101,563,nom102,32,48,5,0
102,569,nom103,49,287,5,2
103,579,nom104,63,214,15,2
104,582,nom105,44,17,7,0
105,595,nom106,41,488,7,1
106,598,nom107,43,132,2,0
107,602,nom108,44,102,18,0
108,603,nom109,53,53,3,0
109,604,nom110,37,95,3,0
110,622,nom111,37,105,8,0
111,626,nom112,42,282,17,2
112,633,nom113,44,246,8,2
113,636,nom114,23,95,3,0
114,650,nom115,34,44,8,0
115,651,nom116,51,138,8,0
116,653,nom117,20,466,2,2
117,665,nom118,55,141,7,0
118,670,nom119,51,853,9,1
119,675,nom120,47,183,17,0
120,690,nom121,28,24,15,0
121,720,nom122,61,370,1,2
122,721,nom123,57,107,2,0
123,722,nom124,32,80,7,0
124,725,nom125,53,45,3,0
125,739,nom126,55,529,17,1
126,742,nom127,53,41,8,0
127,743,nom128,39,46,8,0
128,744,nom129,41,854,5,1
129,755,nom130,48,52,8,0
130,760,nom131,67,118,8,0
131,764,nom132,23,103,2,0
132,773,nom133,67,338,2,2
133,775,nom134,36,188,5,2
134,776,nom135,27,73,2,0
135,782,nom136,65,126,6,0
136,791,nom137,85,191,8,2
137,792,nom138,37,53,8,0
138,799,nom139,56,338,15,2
139,810,nom140,40,95,16,0
140,811,nom141,55,305,18,2
141,815,nom142,59,31,8,0
142,824,nom143,46,738,16,1
143,825,nom144,45,28,17,0
144,829,nom145,31,45,8,0
145,837,nom146,52,263,3,2
146,838,nom147,46,107,5,0
147,841,nom148,51,103,8,0
148,849,nom149,30,259,2,2
149,853,nom150,35,175,8,0
150,855,nom151,17,774,2,1
151,859,nom152,36,403,5,2
152,863,nom153,54,37,8,0
153,874,nom154,43,14,8,0
154,878,nom155,40,197,7,2
155,880,nom156,41,616,8,1
156,888,nom157,65,656,6,1
157,892,nom158,60,93,8,0
158,894,nom159,82,67,7,0
159,904,nom160,45,228,7,2
160,910,nom161,28,99,18,0
161,926,nom162,43,641,2,1
162,927,nom163,59,64,8,0
163,938,nom164,34,133,7,0
164,940,nom165,38,46,8,0
165,941,nom166,67,29,12,0
166,945,nom167,45,471,2,2
167,948,nom168,24,137,3,0
168,954,nom169,39,22,8,0
169,982,nom170,35,24,8,0
170,989,nom171,74,365,1,2
171,990,nom172,31,307,5,2
172,991,nom173,20,22,8,0
173,1001,nom174,50,82,8,0
174,1003,nom175,43,155,3,0
175,1007,nom176,66,408,5,2
176,1010,nom177,50,339,18,2
177,1015,nom178,32,136,17,0
178,1018,nom179,29,173,7,0
179,1023,nom180,25,136,16,0
180,1029,nom181,46,28,8,0
181,1032,nom182,64,122,7,0
182,1033,nom183,40,205,8,2
183,1041,nom184,69,31,15,0
184,1043,nom185,35,270,7,2
185,1051,nom186,53,40,8,0
186,1065,nom187,55,380,8,2
187,1079,nom188,34,182,16,0
188,1081,nom189,28,24,8,0
189,1101,nom190,38,206,2,2
190,1102,nom191,21,187,5,2
191,1110,nom192,25,20,8,0
192,1118,nom193,37,148,18,0
193,1141,nom194,70,138,15,0
194,1151,nom195,64,28,7,0
195,1158,nom196,44,617,8,1
196,1167,nom197,65,526,8,1
197,1172,nom198,61,52,11,0
198,1175,nom199,39,81,8,0
199,1179,nom200,26,31,7,0
200,1182,nom201,63,134,7,0
201,1184,nom202,48,18,8,0
202,1193,nom203,34,37,3,0
203,1202,nom204,29,152,5,0
204,1216,nom205,38,30,8,0
205,1222,nom206,47,317,2,2
206,1224,nom207,44,64,3,0
207,1229,nom208,39,136,16,0
208,1234,nom209,38,21,8,0
209,1241,nom210,53,48,8,0
210,1242,nom211,36,78,16,0
211,1244,nom212,51,319,4,2
212,1245,nom213,56,112,17,0
213,1253,nom214,70,36,7,0
214,1263,nom215,21,38,7,0
215,1286,nom216,85,25,8,0
216,1287,nom217,37,223,7,2
217,1301,nom218,60,58,8,0
218,1302,nom219,29,111,11,0
219,1307,nom220,56,213,6,2
220,1316,nom221,50,28,8,0
221,1317,nom222,38,80,3,0
222,1318,nom223,47,163,8,0
223,1323,nom224,79,285,12,2
224,1326,nom225,71,71,8,0
225,1335,nom226,73,34,7,0
226,1337,nom227,45,89,8,0
227,1344,nom228,35,45,8,0
228,1346,nom229,38,40,8,0
229,1355,nom230,21,230,16,2
230,1356,nom231,22,587,5,1
231,1357,nom232,35,97,7,0
232,1384,nom233,64,408,2,2
233,1395,nom234,64,134,2,0
234,1406,nom235,38,244,5,2
235,1407,nom236,51,158,18,0
236,1419,nom237,49,13,8,0
237,1425,nom238,36,135,2,0
238,1432,nom239,70,91,8,0
239,1439,nom240,72,325,8,2
240,1457,nom241,42,28,8,0
241,1462,nom242,31,113,12,0
242,1464,nom243,54,94,7,0
243,1465,nom244,67,69,8,0
244,1475,nom245,53,31,12,0
245,1481,nom246,65,13,8,0
246,1502,nom247,60,36,8,0
247,1503,nom248,15,389,1,2
248,1507,nom249,27,101,15,0
249,1511,nom250,41,122,6,0
250,1518,nom251,38,196,2,2
251,1535,nom252,77,221,2,2
252,1541,nom253,73,74,8,0
253,1543,nom254,31,166,17,0
254,1545,nom255,45,117,1,0
255,1563,nom256,61,315,8,2
256,1564,nom257,74,213,8,2
257,1573,nom258,58,140,8,0
258,1576,nom259,42,154,8,0
259,1577,nom260,31,127,4,0
260,1581,nom261,39,55,8,0
261,1586,nom262,53,242,6,2
262,1591,nom263,47,108,2,0
263,1597,nom264,49,148,7,0
264,1604,nom265,43,164,17,0
265,1610,nom266,62,860,8,1
266,1612,nom267,45,43,8,0
267,1615,nom268,49,48,8,0
268,1618,nom269,55,115,18,0
269,1630,nom270,55,104,18,0
270,1633,nom271,46,110,17,0
271,1637,nom272,53,763,8,1
272,1639,nom273,66,622,15,1
273,1666,nom274,35,59,3,0
274,1675,nom275,55,150,15,0
275,1686,nom276,45,28,8,0
276,1694,nom277,47,16,8,0
277,1703,nom278,55,110,18,0
278,1707,nom279,20,86,5,0
279,1712,nom280,40,57,8,0
280,1713,nom281,75,210,8,2
281,1716,nom282,27,59,8,0
282,1723,nom283,34,71,12,0
283,1724,nom284,66,256,8,2
284,1735,nom285,55,338,7,2
285,1761,nom286,34,275,2,2
286,1770,nom287,39,145,8,0
287,1772,nom288,54,42,8,0
288,1775,nom289,57,117,16,0
289,1779,nom290,82,304,8,2
290,1803,nom291,21,25,7,0
291,1811,nom292,85,84,15,0
292,1817,nom293,41,72,8,0
293,1827,nom294,56,531,15,1
294,1828,nom295,38,275,18,2
295,1829,nom296,57,480,7,2
296,1852,nom297,62,497,6,1
297,1853,nom298,33,106,2,0
298,1854,nom299,65,78,1,0
299,1860,nom300,32,241,15,2
300,1861,nom301,63,73,8,0
301,1862,nom302,59,87,8,0
302,1863,nom303,39,485,8,2
303,1885,nom304,45,138,2,0
304,1887,nom305,22,200,8,2
305,1889,nom306,48,47,8,0
306,1890,nom307,60,48,8,0
307,1895,nom308,60,219,5,2
308,1897,nom309,69,595,7,1
309,1906,nom310,33,215,16,2
310,1914,nom311,27,620,2,1
311,1917,nom312,51,57,15,0
312,1919,nom313,83,36,13,0
313,1925,nom314,44,27,8,0
314,1937,nom315,41,56,8,0
315,1941,nom316,62,343,15,2
316,1942,nom317,74,34,8,0
317,1944,nom318,61,117,8,0
318,1951,nom319,39,560,18,1
319,1952,nom320,55,44,8,0
320,1953,nom321,46,115,6,0
321,1954,nom322,42,54,8,0
322,1955,nom323,56,197,16,2
323,1960,nom324,21,59,8,0
324,1965,nom325,16,51,8,0
325,1967,nom326,44,434,15,2
326,1968,nom327,51,260,8,2
327,1969,nom328,41,141,6,0
328,1983,nom329,15,324,12,2
329,1988,nom330,38,241,7,2
330,1992,nom331,38,157,5,0
331,1993,nom332,31,162,8,0
332,1996,nom333,60,233,8,2
333,1999,nom334,38,76,8,0
334,2002,nom335,65,44,7,0
335,2013,nom336,42,217,2,2
336,2014,nom337,41,111,6,0
337,2016,nom338,31,102,8,0
338,2027,nom339,50,72,8,0
339,2030,nom340,63,561,7,1
340,2033,nom341,48,55,8,0
341,2045,nom342,85,342,12,2
342,2067,nom343,59,260,8,2
343,2076,nom344,60,85,10,0
344,2083,nom345,57,797,17,1
345,2085,nom346,42,185,8,2
346,2088,nom347,37,37,8,0
347,2089,nom348,62,329,18,2
348,2092,nom349,34,1754,8,4
349,2108,nom350,22,195,8,2
350,2128,nom351,58,248,17,2
351,2132,nom352,70,159,12,0
352,2156,nom353,23,424,2,2
353,2158,nom354,58,188,8,2
354,2165,nom355,75,45,7,0
355,2175,nom356,38,41,7,0
356,2176,nom357,68,226,2,2
357,2177,nom358,60,110,16,0
358,2198,nom359,29,53,3,0
359,2205,nom360,37,40,8,0
360,2208,nom361,65,239,8,2
361,2211,nom362,33,67,7,0
362,2221,nom363,22,24,8,0
363,2237,nom364,47,269,9,2
364,2245,nom365,60,176,2,0
365,2260,nom366,41,655,1,1
366,2271,nom367,72,219,8,2
367,2272,nom368,71,13,7,0
368,2280,nom369,21,89,8,0
369,2285,nom370,47,256,8,2
370,2292,nom371,22,82,8,0
371,2293,nom372,38,34,8,0
372,2301,nom373,43,60,8,0
373,2306,nom374,54,138,17,0
374,2307,nom375,32,28,8,0
375,2309,nom376,59,77,8,0
376,2310,nom377,46,51,8,0
377,2313,nom378,35,27,8,0
378,2318,nom379,26,122,6,0
379,2323,nom380,39,298,18,2
380,2328,nom381,72,75,8,0
381,2329,nom382,45,51,8,0
382,2331,nom383,68,37,3,0
383,2332,nom384,29,118,7,0
384,2338,nom385,51,363,5,2
385,2339,nom386,48,180,8,0
386,2346,nom387,36,272,16,2
387,2350,nom388,44,92,3,0
388,2373,nom389,36,35,8,0
389,2374,nom390,77,88,12,0
390,2389,nom391,65,711,2,1
391,2392,nom392,33,138,8,0
392,2393,nom393,66,116,7,0
393,2396,nom394,39,132,7,0
394,2414,nom395,48,77,8,0
395,2416,nom396,60,27,3,0
396,2420,nom397,47,192,3,2
397,2427,nom398,22,470,2,2
398,2432,nom399,61,263,8,2
399,2435,nom400,43,70,1,0
400,2441,nom401,49,77,8,0
401,2452,nom402,43,26,8,0
402,2469,nom403,44,48,8,0
403,2480,nom404,65,381,2,2
404,2495,nom405,39,33,9,0
405,2496,nom406,21,16,8,0
406,2501,nom407,44,255,7,2
407,2503,nom408,16,227,5,2
408,2519,nom409,19,44,10,0
409,2524,nom410,54,88,8,0
410,2525,nom411,25,103,8,0
411,2527,nom412,54,187,18,2
412,2530,nom413,41,97,2,0
413,2535,nom414,27,149,8,0
414,2544,nom415,31,162,8,0
415,2561,nom416,67,101,8,0
416,2564,nom417,45,289,3,2
417,2566,nom418,55,26,8,0
418,2569,nom419,66,84,8,0
419,2571,nom420,42,1681,18,4
420,2572,nom421,54,46,8,0
421,2578,nom422,25,128,8,0
422,2580,nom423,85,139,8,0
423,2582,nom424,75,325,2,2
424,2584,nom425,15,38,8,0
425,2587,nom426,32,897,17,1
426,2593,nom427,21,39,8,0
427,2600,nom428,53,90,7,0
428,2605,nom429,17,28,8,0
429,2611,nom430,65,73,7,0
430,2628,nom431,54,24,8,0
431,2638,nom432,53,284,4,2
432,2647,nom433,49,181,18,0
433,2648,nom434,59,177,7,0
434,2651,nom435,70,555,2,1
435,2654,nom436,29,135,5,0
436,2670,nom437,28,99,8,0
437,2681,nom438,50,96,15,0
438,2683,nom439,39,87,3,0
439,2703,nom440,68,50,8,0
440,2706,nom441,58,32,8,0
441,2722,nom442,44,894,8,1
442,2733,nom443,34,46,8,0
443,2738,nom444,20,144,7,0
444,2740,nom445,42,111,2,0
445,2741,nom446,57,19,8,0
446,2744,nom447,56,92,8,0
447,2748,nom448,40,242,2,2
448,2749,nom449,37,76,3,0
449,2754,nom450,38,222,16,2
450,2756,nom451,72,54,8,0
451,2760,nom452,66,575,1,1
452,2777,nom453,42,10,3,0
453,2779,nom454,46,180,5,0
454,2780,nom455,38,151,7,0
455,2782,nom456,85,159,8,0
456,2799,nom457,56,123,8,0
457,2809,nom458,38,35,8,0
458,2810,nom459,49,256,8,2
459,2815,nom460,40,126,8,0
460,2822,nom461,69,915,8,1
461,2842,nom462,61,65,8,0
462,2843,nom463,22,133,17,0
463,2855,nom464,33,197,1,2
464,2857,nom465,71,35,7,0
465,2859,nom466,78,140,8,0
466,2860,nom467,49,77,12,0
467,2870,nom468,76,874,8,1
468,2873,nom469,30,119,3,0
469,2877,nom470,21,50,8,0
470,2880,nom471,17,21,8,0
471,2887,nom472,44,44,8,0
472,2890,nom473,44,125,3,0
473,2896,nom474,38,310,11,2
474,2899,nom475,18,43,8,0
475,2905,nom476,34,223,8,2
476,2911,nom477,37,121,11,0
477,2914,nom478,49,103,6,0
478,2919,nom479,52,140,8,0
479,2935,nom480,60,127,8,0
480,2941,nom481,50,125,8,0
481,2943,nom482,58,41,3,0
482,2959,nom483,22,117,7,0
483,2967,nom484,40,97,18,0
484,2968,nom485,38,76,8,0
485,2974,nom486,40,80,7,0
486,2981,nom487,24,54,6,0
487,2988,nom488,35,45,7,0
488,3014,nom489,41,188,8,2
489,3020,nom490,53,20,7,0
490,3040,nom491,38,65,12,0
491,3052,nom492,15,79,7,0
492,3053,nom493,26,170,8,0
493,3056,nom494,45,203,7,2
494,3064,nom495,57,177,2,0
495,3073,nom496,64,33,8,0
496,3077,nom497,23,666,10,1
497,3079,nom498,37,188,8,2
498,3089,nom499,68,904,7,1
499,3095,nom500,37,1914,8,4
500,3103,nom501,38,28,8,0
501,3106,nom502,56,207,15,2
502,3108,nom503,15,129,5,0
503,3111,nom504,62,41,8,0
504,3123,nom505,51,77,7,0
505,3126,nom506,52,120,2,0
506,3128,nom507,46,49,8,0
507,3134,nom508,27,239,17,2
508,3139,nom509,38,311,2,2
509,3142,nom510,68,716,2,1
510,3144,nom511,30,82,3,0
511,3150,nom512,44,34,8,0
512,3154,nom513,66,199,2,2
513,3155,nom514,64,93,8,0
514,3160,nom515,56,278,17,2
515,3161,nom516,43,275,8,2
516,3176,nom517,75,255,2,2
517,3178,nom518,37,103,17,0
518,3184,nom519,27,55,7,0
519,3195,nom520,20,24,7,0
520,3201,nom521,50,207,2,2
521,3210,nom522,51,128,12,0
522,3211,nom523,44,72,8,0
523,3218,nom524,46,386,8,2
524,3221,nom525,22,27,7,0
525,3227,nom526,41,239,7,2
526,3230,nom527,48,177,5,0
527,3234,nom528,37,43,8,0
528,3244,nom529,21,269,10,2
529,3245,nom530,44,222,17,2
530,3249,nom531,24,1332,2,4
531,3260,nom532,37,77,8,0
532,3266,nom533,25,618,8,1
533,3274,nom534,27,87,12,0
534,3279,nom535,45,307,2,2
535,3283,nom536,25,66,5,0
536,3287,nom537,67,1763,7,4
537,3297,nom538,46,633,8,1
538,3298,nom539,40,113,4,0
539,3299,nom540,25,36,8,0
540,3301,nom541,55,465,7,2
541,3302,nom542,73,48,7,0
542,3312,nom543,53,262,2,2
543,3316,nom544,35,75,17,0
544,3333,nom545,64,403,6,2
545,3339,nom546,38,733,8,1
546,3371,nom547,31,51,2,0
547,3380,nom548,45,273,17,2
548,3381,nom549,57,331,8,2
549,3388,nom550,70,12,8,0
550,3392,nom551,41,54,2,0
551,3396,nom552,64,88,7,0
552,3398,nom553,47,53,17,0
553,3405,nom554,28,194,7,2
554,3409,nom555,53,178,8,0
555,3422,nom556,47,208,7,2
556,3426,nom557,40,68,3,0
557,3427,nom558,52,54,7,0
558,3429,nom559,61,891,8,1
559,3431,nom560,47,190,8,2
560,3452,nom561,45,289,8,2
561,3455,nom562,59,123,2,0
562,3456,nom563,34,194,5,2
563,3459,nom564,59,221,12,2
564,3462,nom565,64,369,2,2
565,3465,nom566,33,81,8,0
566,3471,nom567,45,180,7,0
567,3474,nom568,48,145,8,0
568,3480,nom569,50,148,7,0
569,3481,nom570,55,197,8,2
570,3485,nom571,55,24,7,0
571,3492,nom572,62,216,8,2
572,3500,nom573,47,45,8,0
573,3501,nom574,53,164,8,0
574,3502,nom575,47,169,2,0
575,3503,nom576,36,585,2,1
576,3507,nom577,51,30,8,0
577,3508,nom578,37,308,5,2
578,3509,nom579,36,193,8,2
579,3516,nom580,43,129,17,0
580,3531,nom581,24,206,8,2
581,3533,nom582,44,105,18,0
582,3535,nom583,42,119,8,0
583,3539,nom584,53,51,8,0
584,3547,nom585,34,48,8,0
585,3551,nom586,69,304,8,2
586,3557,nom587,50,117,8,0
587,3558,nom588,30,139,8,0
588,3561,nom589,23,193,7,2
589,3562,nom590,43,25,8,0
590,3575,nom591,62,227,18,2
591,3594,nom592,15,41,8,0
592,3601,nom593,21,143,10,0
593,3605,nom594,37,127,8,0
594,3608,nom595,30,105,7,0
595,3611,nom596,31,660,11,1
596,3624,nom597,15,156,15,0
597,3626,nom598,35,208,5,2
598,3636,nom599,39,70,8,0
599,3638,nom600,57,36,7,0
600,3641,nom601,39,70,15,0
601,3655,nom602,56,89,12,0
602,3662,nom603,47,108,8,0
603,3664,nom604,35,132,8,0
604,3680,nom605,30,108,7,0
605,3684,nom606,39,62,15,0
606,3685,nom607,21,57,8,0
607,3691,nom608,26,226,8,2
608,3696,nom609,62,167,8,0
609,3701,nom610,29,146,2,0
610,3705,nom611,41,124,8,0
611,3710,nom612,54,274,18,2
612,3732,nom613,31,211,2,2
613,3736,nom614,39,72,8,0
614,3746,nom615,45,49,8,0
615,3756,nom616,48,53,8,0
616,3757,nom617,56,107,16,0
617,3761,nom618,39,522,17,1
618,3768,nom619,47,253,1,2
619,3773,nom620,36,145,15,0
620,3789,nom621,35,51,8,0
621,3793,nom622,31,94,2,0
622,3811,nom623,61,102,15,0
623,3825,nom624,58,61,8,0
624,3826,nom625,51,554,8,1
625,3830,nom626,23,148,15,0
626,3836,nom627,31,278,5,2
627,3846,nom628,39,186,8,2
628,3848,nom629,30,52,8,0
629,3851,nom630,37,593,12,1
630,3860,nom631,42,25,8,0
631,3863,nom632,16,20,8,0
632,3870,nom633,64,57,7,0
633,3874,nom634,41,59,8,0
634,3883,nom635,57,122,1,0
635,3892,nom636,46,40,8,0
636,3897,nom637,63,1198,15,4
637,3901,nom638,46,32,8,0
638,3902,nom639,53,79,8,0
639,3905,nom640,26,365,2,2
640,3920,nom641,67,27,1,0
641,3925,nom642,45,42,8,0
642,3927,nom643,52,220,17,2
643,3930,nom644,40,222,16,2
644,3937,nom645,50,67,8,0
645,3940,nom646,65,117,16,0
646,3941,nom647,63,45,7,0
647,3944,nom648,62,732,2,1
648,3970,nom649,41,165,7,0
649,3972,nom650,50,83,8,0
650,3973,nom651,75,205,8,2
651,3979,nom652,62,442,2,2
652,3983,nom653,29,82,8,0
653,3985,nom654,35,251,4,2
654,3988,nom655,38,191,4,2
655,3989,nom656,39,298,18,2
656,3999,nom657,41,110,4,0
657,4003,nom658,30,219,6,2
658,4006,nom659,25,61,15,0
659,4010,nom660,25,81,15,0
660,4024,nom661,37,251,7,2
661,4025,nom662,35,120,8,0
662,4031,nom663,31,52,8,0
663,4054,nom664,24,571,2,1
664,4067,nom665,43,303,8,2
665,4070,nom666,43,245,12,2
666,4073,nom667,61,25,8,0
667,4074,nom668,29,656,8,1
668,4077,nom669,32,75,8,0
669,4080,nom670,37,16,15,0
670,4086,nom671,36,50,8,0
671,4093,nom672,39,174,7,0
672,4099,nom673,62,80,18,0
673,4103,nom674,54,529,5,1
674,4107,nom675,57,29,8,0
675,4111,nom676,54,109,18,0
676,4113,nom677,42,83,8,0
677,4115,nom678,55,296,4,2
678,4120,nom679,53,138,2,0
679,4121,nom680,76,30,7,0
680,4131,nom681,18,188,8,2
681,4135,nom682,33,221,5,2
682,4145,nom683,44,617,15,1
683,4152,nom684,85,305,12,2
684,4154,nom685,41,363,5,2
685,4156,nom686,37,381,5,2
686,4162,nom687,51,49,8,0
687,4163,nom688,44,36,8,0
688,4165,nom689,59,255,8,2
689,4166,nom690,27,157,9,0
690,4176,nom691,53,1188,2,4
691,4185,nom692,66,351,2,2
692,4186,nom693,36,430,16,2
693,4189,nom694,44,61,6,0
694,4202,nom695,54,96,1,0
695,4203,nom696,59,288,2,2
696,4211,nom697,44,21,8,0
697,4227,nom698,40,57,8,0
698,4231,nom699,39,1778,2,4
699,4246,nom700,46,132,8,0
700,4251,nom701,28,59,18,0
701,4258,nom702,35,61,17,0
702,4271,nom703,66,35,7,0
703,4273,nom704,53,32,8,0
704,4279,nom705,50,325,8,2
705,4280,nom706,34,181,16,0
706,4286,nom707,52,66,12,0
707,4304,nom708,15,41,8,0
708,4317,nom709,56,526,16,1
709,4318,nom710,49,195,2,2
710,4320,nom711,27,133,8,0
711,4327,nom712,36,146,17,0
712,4332,nom713,38,135,8,0
713,4333,nom714,29,43,11,0
714,4342,nom715,28,199,7,2
715,4345,nom716,35,134,17,0
716,4351,nom717,35,55,8,0
717,4353,nom718,28,135,7,0
718,4357,nom719,48,41,8,0
719,4360,nom720,42,102,5,0
720,4361,nom721,23,164,7,0
721,4365,nom722,59,248,3,2
722,4369,nom723,67,184,7,0
723,4370,nom724,35,80,8,0
724,4374,nom725,37,266,15,2
725,4376,nom726,56,106,8,0
726,4379,nom727,30,211,2,2
727,4380,nom728,78,51,2,0
728,4385,nom729,36,222,4,2
729,4391,nom730,35,167,1,0
730,4401,nom731,63,206,6,2
731,4405,nom732,72,25,7,0
732,4409,nom733,61,220,7,2
733,4411,nom734,66,52,8,0
734,4412,nom735,37,176,17,0
735,4415,nom736,39,37,8,0
736,4418,nom737,47,50,3,0
737,4420,nom738,65,220,6,2
738,4427,nom739,38,87,3,0
739,4439,nom740,32,205,2,2
740,4449,nom741,54,342,7,2
741,4450,nom742,53,118,13,0
742,4451,nom743,39,127,17,0
743,4462,nom744,38,146,18,0
744,4464,nom745,38,79,8,0
745,4469,nom746,26,28,8,0
746,4473,nom747,40,130,7,0
747,4480,nom748,45,337,5,2
748,4483,nom749,70,464,15,2
749,4486,nom750,20,281,8,2
750,4490,nom751,50,247,9,2
751,4491,nom752,57,38,1,0
752,4492,nom753,47,492,2,1
753,4493,nom754,30,298,7,2
754,4495,nom755,49,137,8,0
755,4497,nom756,18,58,2,0
756,4509,nom757,46,94,5,0
757,4512,nom758,48,478,5,2
758,4515,nom759,74,49,7,0
759,4518,nom760,55,75,8,0
760,4523,nom761,46,116,6,0
761,4525,nom762,21,641,2,1
762,4535,nom763,52,530,2,1
763,4537,nom764,61,31,8,0
764,4544,nom765,31,127,17,0
765,4546,nom766,56,153,8,0
766,4561,nom767,49,18,8,0
767,4564,nom768,52,269,17,2
768,4573,nom769,38,328,2,2
769,4574,nom770,32,1068,2,1
770,4581,nom771,43,52,8,0
771,4584,nom772,38,28,8,0
772,4589,nom773,69,42,7,0
773,4596,nom774,35,203,18,2
774,4599,nom775,40,52,8,0
775,4603,nom776,59,133,6,0
776,4606,nom777,62,30,7,0
777,4623,nom778,37,60,6,0
778,4627,nom779,25,51,8,0
779,4631,nom780,31,56,8,0
780,4634,nom781,22,309,5,2
781,4637,nom782,47,167,6,0
782,4650,nom783,24,63,8,0
783,4657,nom784,50,216,8,2
784,4671,nom785,34,105,2,0
785,4677,nom786,36,22,7,0
786,4683,nom787,15,47,8,0
787,4685,nom788,20,64,10,0
788,4694,nom789,53,204,2,2
789,4713,nom790,27,387,4,2
790,4730,nom791,50,45,8,0
791,4743,nom792,74,59,8,0
792,4756,nom793,45,56,8,0
793,4763,nom794,38,200,6,2
794,4767,nom795,46,859,16,1
795,4769,nom796,46,235,8,2
796,4770,nom797,63,51,8,0
797,4777,nom798,35,264,18,2
798,4779,nom799,58,339,8,2
799,4781,nom800,54,566,8,1
800,4782,nom801,31,68,7,0
801,4789,nom802,67,196,8,2
802,4790,nom803,41,41,8,0
803,4792,nom804,21,132,10,0
804,4799,nom805,43,294,2,2
805,4808,nom806,24,100,2,0
806,4809,nom807,42,179,8,0
807,4813,nom808,50,169,18,0
808,4815,nom809,49,51,7,0
809,4817,nom810,44,56,8,0
810,4823,nom811,41,138,7,0
811,4827,nom812,31,207,18,2
812,4833,nom813,47,77,8,0
813,4834,nom814,45,143,17,0
814,4836,nom815,49,40,8,0
815,4839,nom816,43,76,8,0
816,4849,nom817,68,128,3,0
817,4850,nom818,50,29,7,0
818,4853,nom819,37,50,8,0
819,4862,nom820,40,235,8,2
820,4870,nom821,38,84,2,0
821,4871,nom822,35,54,3,0
822,4872,nom823,50,59,7,0
823,4875,nom824,62,86,7,0
824,4877,nom825,28,178,3,0
825,4878,nom826,66,39,8,0
826,4880,nom827,70,227,8,2
827,4883,nom828,50,99,3,0
828,4888,nom829,44,64,12,0
829,4891,nom830,36,184,15,0
830,4896,nom831,62,36,12,0
831,4903,nom832,20,52,8,0
832,4918,nom833,67,450,12,2
833,4923,nom834,53,21,8,0
834,4924,nom835,43,107,8,0
835,4927,nom836,45,508,2,1
836,4929,nom837,45,172,16,0
837,4934,nom838,56,114,18,0
838,4937,nom839,34,67,8,0
839,4942,nom840,40,327,18,2
840,4954,nom841,69,97,7,0
841,4956,nom842,38,273,2,2
842,4977,nom843,50,44,8,0
843,4979,nom844,77,148,8,0
844,4992,nom845,15,165,2,0
845,4993,nom846,42,973,5,1
846,4994,nom847,66,163,8,0
847,4996,nom848,20,470,11,2
848,4999,nom849,23,314,2,2
849,5005,nom850,68,53,7,0
850,5010,nom851,56,95,8,0
851,5011,nom852,38,723,8,1
852,5013,nom853,81,20,8,0
853,5021,nom854,46,428,2,2
854,5029,nom855,72,189,13,2
855,5031,nom856,55,35,8,0
856,5034,nom857,28,42,7,0
857,5037,nom858,69,207,8,2
858,5044,nom859,18,6,11,0
859,5046,nom860,48,240,7,2
860,5056,nom861,34,26,5,0
861,5063,nom862,63,129,2,0
862,5067,nom863,59,387,2,2
863,5071,nom864,36,35,8,0
864,5073,nom865,51,238,17,2
865,5074,nom866,64,55,8,0
866,5077,nom867,42,340,17,2
867,5079,nom868,33,43,8,0
868,5089,nom869,19,67,2,0
869,5091,nom870,28,75,8,0
870,5094,nom871,41,167,5,0
871,5102,nom872,59,19,7,0
872,5114,nom873,65,51,8,0
873,5117,nom874,23,89,5,0
874,5125,nom875,38,119,8,0
875,5137,nom876,59,86,7,0
876,5141,nom877,42,138,8,0
877,5143,nom878,63,162,8,0
878,5144,nom879,43,67,8,0
879,5154,nom880,39,46,8,0
880,5155,nom881,73,29,8,0
881,5159,nom882,23,295,8,2
882,5162,nom883,61,247,7,2
883,5164,nom884,61,211,3,2
884,5166,nom885,43,104,7,0
885,5167,nom886,42,38,15,0
886,5168,nom887,54,1666,8,4
887,5169,nom888,48,13,15,0
888,5176,nom889,46,45,15,0
889,5185,nom890,42,32,8,0
890,5194,nom891,28,126,8,0
891,5195,nom892,17,141,10,0
892,5206,nom893,63,456,5,2
893,5211,nom894,16,625,5,1
894,5213,nom895,58,267,11,2
895,5216,nom896,33,178,2,0
896,5231,nom897,43,68,8,0
897,5239,nom898,24,367,8,2
898,5250,nom899,85,555,8,1
899,5253,nom900,36,17,8,0
900,5265,nom901,70,57,8,0
901,5267,nom902,38,136,3,0
902,5269,nom903,44,290,16,2
903,5275,nom904,21,45,8,0
904,5276,nom905,56,40,8,0
905,5286,nom906,60,19,8,0
906,5290,nom907,36,107,8,0
907,5296,nom908,41,401,8,2
908,5298,nom909,55,84,8,0
909,5302,nom910,32,207,6,2
910,5313,nom911,59,31,8,0
911,5321,nom912,59,9,8,0
912,5328,nom913,53,40,8,0
913,5332,nom914,53,13,8,0
914,5344,nom915,55,119,3,0
915,5345,nom916,40,90,15,0
916,5347,nom917,39,77,17,0
917,5348,nom918,33,126,2,0
918,5349,nom919,34,284,8,2
919,5351,nom920,36,106,8,0
920,5355,nom921,17,399,2,2
921,5357,nom922,42,183,6,0
922,5360,nom923,53,339,4,2
923,5366,nom924,60,28,7,0
924,5367,nom925,45,37,8,0
925,5380,nom926,44,58,6,0
926,5385,nom927,29,67,8,0
927,5388,nom928,40,24,3,0
928,5389,nom929,38,75,8,0
929,5395,nom930,57,159,2,0
930,5402,nom931,47,119,15,0
931,5411,nom932,72,777,12,1
932,5415,nom933,46,164,1,0
933,5416,nom934,30,45,9,0
934,5420,nom935,62,26,7,0
935,5422,nom936,38,41,8,0
936,5435,nom937,51,154,18,0
937,5440,nom938,67,47,8,0
938,5441,nom939,69,167,1,0
939,5443,nom940,64,16,8,0
940,5446,nom941,48,29,8,0
941,5447,nom942,23,238,8,2
942,5448,nom943,42,80,8,0
943,5451,nom944,67,132,2,0
944,5461,nom945,65,322,7,2
945,5467,nom946,27,89,1,0
946,5468,nom947,57,39,8,0
947,5474,nom948,43,29,7,0
948,5477,nom949,48,35,8,0
949,5487,nom950,58,464,8,2
950,5490,nom951,64,52,8,0
951,5491,nom952,57,76,8,0
952,5493,nom953,61,314,7,2
953,5494,nom954,22,797,2,1
954,5499,nom955,33,37,8,0
955,5504,nom956,40,56,8,0
956,5524,nom957,46,702,2,1
957,5528,nom958,42,65,6,0
958,5537,nom959,58,211,16,2
959,5540,nom960,43,19,8,0
960,5547,nom961,41,49,7,0
961,5548,nom962,31,381,17,2
962,5565,nom963,30,53,15,0
963,5566,nom964,51,170,17,0
964,5569,nom965,39,91,18,0
965,5577,nom966,85,22,8,0
966,5580,nom967,71,365,15,2
967,5600,nom968,41,190,2,2
968,5611,nom969,68,681,2,1
969,5613,nom970,37,478,12,2
970,5617,nom971,43,92,8,0
971,5628,nom972,81,46,7,0
972,5630,nom973,69,67,8,0
973,5635,nom974,32,188,17,2
974,5636,nom975,40,1709,8,4
975,5644,nom976,69,143,8,0
976,5646,nom977,45,205,2,2
977,5652,nom978,24,173,8,0
978,5653,nom979,68,225,8,2
979,5668,nom980,36,42,8,0
980,5678,nom981,24,56,8,0
981,5679,nom982,45,193,4,2
982,5686,nom983,37,36,8,0
983,5687,nom984,68,62,8,0
984,5689,nom985,67,61,8,0
985,5698,nom986,49,34,8,0
986,5703,nom987,44,245,5,2
987,5719,nom988,58,31,8,0
988,5733,nom989,67,148,7,0
989,5740,nom990,70,224,8,2
990,5742,nom991,47,131,8,0
991,5746,nom992,38,29,8,0
992,5761,nom993,67,229,8,2
993,5768,nom994,32,145,8,0
994,5776,nom995,20,21,8,0
995,5781,nom996,50,862,2,1
996,5787,nom997,72,153,8,0
997,5795,nom998,66,31,8,0
998,5799,nom999,46,871,8,1
999,5800,nom1000,53,218,7,2
1000,5804,nom1001,63,89,1,0
1001,5812,nom1002,36,329,2,2
1002,5815,nom1003,41,34,8,0
1003,5818,nom1004,85,14,8,0
1004,5825,nom1005,55,75,7,0
1005,5833,nom1006,56,88,8,0
1006,5836,nom1007,46,180,16,0
1007,5845,nom1008,51,55,12,0
1008,5850,nom1009,34,542,17,1
1009,5852,nom1010,64,260,1,2
1010,5856,nom1011,69,78,3,0
1011,5858,nom1012,29,305,8,2
1012,5860,nom1013,36,51,1,0
1013,5865,nom1014,46,47,8,0
1014,5876,nom1015,34,264,17,2
1015,5887,nom1016,78,392,1,2
1016,5891,nom1017,31,83,7,0
1017,5911,nom1018,29,423,8,2
1018,5912,nom1019,62,70,15,0
1019,5916,nom1020,50,111,8,0
1020,5920,nom1021,58,120,7,0
1021,5922,nom1022,63,116,8,0
1022,5940,nom1023,39,97,8,0
1023,5952,nom1024,26,63,11,0
1024,5957,nom1025,57,78,8,0
1025,5969,nom1026,43,293,18,2
1026,5975,nom1027,45,134,4,0
1027,5980,nom1028,82,76,8,0
1028,5998,nom1029,46,60,3,0
1029,6007,nom1030,56,60,8,0
1030,6012,nom1031,49,155,18,0
1031,6017,nom1032,32,85,2,0
1032,6029,nom1033,21,110,8,0
1033,6031,nom1034,33,54,1,0
1034,6034,nom1035,34,195,5,2
1035,6036,nom1036,76,711,15,1
1036,6050,nom1037,72,194,7,2
1037,6060,nom1038,53,78,8,0
1038,6077,nom1039,41,211,2,2
1039,6078,nom1040,71,31,8,0
1040,6084,nom1041,44,231,18,2
1041,6086,nom1042,34,75,12,0
1042,6088,nom1043,35,196,18,2
1043,6104,nom1044,38,226,7,2
1044,6138,nom1045,34,58,8,0
1045,6145,nom1046,36,343,18,2
1046,6149,nom1047,41,126,8,0
1047,6168,nom1048,67,55,8,0
1048,6171,nom1049,35,182,5,0
1049,6176,nom1050,53,112,8,0
1050,6179,nom1051,15,20,8,0
1051,6183,nom1052,47,838,2,1
1052,6191,nom1053,58,46,3,0
1053,6200,nom1054,54,263,8,2
1054,6203,nom1055,71,67,8,0
1055,6208,nom1056,60,92,15,0
1056,6219,nom1057,51,195,2,2
1057,6220,nom1058,59,283,10,2
1058,6227,nom1059,40,780,5,1
1059,6232,nom1060,63,100,15,0
1060,6239,nom1061,30,27,7,0
1061,6252,nom1062,64,1373,15,4
1062,6254,nom1063,55,160,18,0
1063,6257,nom1064,45,121,8,0
1064,6258,nom1065,47,185,8,2
1065,6263,nom1066,20,95,8,0
1066,6267,nom1067,39,202,2,2
1067,6272,nom1068,35,220,7,2
1068,6276,nom1069,48,299,8,2
1069,6283,nom1070,39,38,8,0
1070,6286,nom1071,49,312,3,2
1071,6289,nom1072,85,61,8,0
1072,6295,nom1073,56,112,18,0
1073,6299,nom1074,36,479,8,2
1074,6303,nom1075,82,45,7,0
1075,6306,nom1076,64,285,2,2
1076,6317,nom1077,35,14,8,0
1077,6323,nom1078,54,142,2,0
1078,6335,nom1079,44,342,5,2
1079,6341,nom1080,41,161,8,0
1080,6346,nom1081,35,26,8,0
1081,6347,nom1082,47,31,8,0
1082,6354,nom1083,53,396,1,2
1083,6375,nom1084,61,24,7,0
1084,6385,nom1085,50,146,8,0
1085,6391,nom1086,67,24,8,0
1086,6408,nom1087,38,26,9,0
1087,6422,nom1088,51,185,8,2
1088,6432,nom1089,43,27,8,0
1089,6435,nom1090,51,32,18,0
1090,6438,nom1091,49,147,2,0
1091,6442,nom1092,35,51,8,0
1092,6453,nom1093,40,288,17,2
1093,6457,nom1094,21,294,2,2
1094,6460,nom1095,17,595,2,1
1095,6464,nom1096,35,123,6,0
1096,6465,nom1097,66,64,12,0
1097,6473,nom1098,56,1563,8,4
1098,6475,nom1099,65,109,2,0
1099,6479,nom1100,52,315,7,2
1100,6481,nom1101,39,201,4,2
1101,6505,nom1102,71,73,8,0
1102,6508,nom1103,60,75,8,0
1103,6513,nom1104,28,147,17,0
1104,6514,nom1105,29,585,8,1
1105,6524,nom1106,57,24,15,0
1106,6525,nom1107,33,205,2,2
1107,6528,nom1108,33,57,8,0
1108,6534,nom1109,38,223,3,2
1109,6536,nom1110,39,87,5,0
1110,6544,nom1111,49,78,5,0
1111,6545,nom1112,54,206,8,2
1112,6547,nom1113,34,44,8,0
1113,6558,nom1114,53,52,17,0
1114,6562,nom1115,64,29,7,0
1115,6565,nom1116,45,95,8,0
1116,6570,nom1117,63,578,1,1
1117,6571,nom1118,50,41,7,0
1118,6573,nom1119,38,148,18,0
1119,6575,nom1120,45,44,8,0
1120,6578,nom1121,15,17,8,0
1121,6580,nom1122,39,66,8,0
1122,6582,nom1123,50,384,2,2
1123,6586,nom1124,46,328,2,2
1124,6588,nom1125,64,555,2,1
1125,6598,nom1126,41,1348,17,4
1126,6604,nom1127,52,339,18,2
1127,6618,nom1128,43,60,8,0
1128,6625,nom1129,33,210,2,2
1129,6628,nom1130,34,71,11,0
1130,6637,nom1131,50,63,7,0
1131,6639,nom1132,48,37,8,0
1132,6650,nom1133,80,255,12,2
1133,6652,nom1134,45,68,8,0
1134,6654,nom1135,44,207,18,2
1135,6659,nom1136,85,268,8,2
1136,6660,nom1137,55,74,8,0
1137,6666,nom1138,45,45,8,0
1138,6669,nom1139,58,1546,18,4
1139,6675,nom1140,36,620,16,1
1140,6676,nom1141,40,54,8,0
1141,6682,nom1142,58,114,8,0
1142,6683,nom1143,57,67,8,0
1143,6688,nom1144,37,38,7,0
1144,6698,nom1145,72,40,7,0
1145,6700,nom1146,41,278,1,2
1146,6701,nom1147,57,40,8,0
1147,6702,nom1148,37,259,7,2
1148,6704,nom1149,40,278,2,2
1149,6705,nom1150,69,164,7,0
1150,6708,nom1151,55,191,2,2
1151,6710,nom1152,28,258,1,2
1152,6715,nom1153,77,47,2,0
1153,6720,nom1154,36,65,12,0
1154,6722,nom1155,61,187,8,2
1155,6723,nom1156,79,33,15,0
1156,6725,nom1157,50,50,12,0
1157,6739,nom1158,19,309,2,2
1158,6741,nom1159,40,174,18,0
1159,6745,nom1160,68,52,15,0
1160,6750,nom1161,37,51,8,0
1161,6753,nom1162,40,176,5,0
1162,6755,nom1163,62,97,8,0
1163,6763,nom1164,46,106,15,0
1164,6764,nom1165,40,139,8,0
1165,6770,nom1166,53,78,7,0
1166,6775,nom1167,70,29,8,0
1167,6781,nom1168,60,99,8,0
1168,6782,nom1169,36,33,8,0
1169,6802,nom1170,33,101,8,0
1170,6806,nom1171,50,203,17,2
1171,6823,nom1172,26,222,3,2
1172,6848,nom1173,59,113,16,0
1173,6860,nom1174,56,193,7,2
1174,6874,nom1175,46,15,8,0
1175,6890,nom1176,22,97,15,0
1176,6893,nom1177,26,241,15,2
1177,6898,nom1178,16,16,8,0
1178,6906,nom1179,33,52,8,0
1179,6915,nom1180,45,1215,17,4
1180,6925,nom1181,47,38,8,0
1181,6929,nom1182,44,228,3,2
1182,6936,nom1183,57,471,17,2
1183,6944,nom1184,57,384,5,2
1184,6945,nom1185,61,92,7,0
1185,6957,nom1186,16,493,15,1
1186,6958,nom1187,43,34,8,0
1187,6959,nom1188,60,267,8,2
1188,6961,nom1189,65,620,6,1
1189,6980,nom1190,56,34,8,0
1190,6981,nom1191,73,126,8,0
1191,6984,nom1192,81,69,8,0
1192,6991,nom1193,40,73,8,0
1193,7014,nom1194,43,79,7,0
1194,7016,nom1195,43,372,18,2
1195,7022,nom1196,55,59,1,0
1196,7023,nom1197,36,149,16,0
1197,7041,nom1198,52,71,7,0
1198,7043,nom1199,41,135,2,0
1199,7045,nom1200,66,181,8,0
1200,7051,nom1201,42,86,3,0
1201,7056,nom1202,58,33,8,0
1202,7060,nom1203,52,147,2,0
1203,7076,nom1204,39,97,8,0
1204,7079,nom1205,70,82,8,0
1205,7083,nom1206,35,27,7,0
1206,7095,nom1207,37,142,5,0
1207,7097,nom1208,43,166,8,0
1208,7103,nom1209,37,11,8,0
1209,7107,nom1210,53,68,8,0
1210,7108,nom1211,41,100,8,0
1211,7117,nom1212,54,179,16,0
1212,7125,nom1213,51,16,8,0
1213,7127,nom1214,38,87,8,0
1214,7130,nom1215,58,47,7,0
1215,7131,nom1216,66,60,8,0
1216,7132,nom1217,51,148,8,0
1217,7136,nom1218,56,48,7,0
1218,7138,nom1219,45,184,2,0
1219,7139,nom1220,49,168,2,0
1220,7150,nom1221,35,140,8,0
1221,7155,nom1222,35,344,8,2
1222,7157,nom1223,63,63,7,0
1223,7164,nom1224,45,24,15,0
1224,7177,nom1225,47,116,1,0
1225,7193,nom1226,58,62,8,0
1226,7224,nom1227,38,40,8,0
1227,7226,nom1228,59,116,8,0
1228,7231,nom1229,26,191,7,2
1229,7236,nom1230,79,326,7,2
1230,7249,nom1231,41,76,7,0
1231,7266,nom1232,37,31,8,0
1232,7279,nom1233,53,40,8,0
1233,7284,nom1234,49,67,8,0
1234,7289,nom1235,66,191,7,2
1235,7298,nom1236,54,293,8,2
1236,7299,nom1237,35,32,8,0
1237,7306,nom1238,48,2401,16,3
1238,7308,nom1239,38,14,8,0
1239,7312,nom1240,55,92,7,0
1240,7318,nom1241,35,29,8,0
1241,7320,nom1242,30,221,7,2
1242,7323,nom1243,49,52,8,0
1243,7329,nom1244,37,375,17,2
1244,7351,nom1245,28,38,8,0
1245,7357,nom1246,56,321,8,2
1246,7363,nom1247,59,498,8,1
1247,7365,nom1248,34,104,8,0
1248,7366,nom1249,64,305,16,2
1249,7370,nom1250,21,61,15,0
1250,7379,nom1251,33,98,8,0
1251,7385,nom1252,70,70,7,0
1252,7386,nom1253,45,83,7,0
1253,7393,nom1254,53,195,5,2
1254,7403,nom1255,39,176,8,0
1255,7404,nom1256,65,538,1,1
1256,7406,nom1257,29,132,15,0
1257,7411,nom1258,48,100,15,0
1258,7415,nom1259,36,140,8,0
1259,7424,nom1260,52,1222,8,4
1260,7427,nom1261,54,401,8,2
1261,7428,nom1262,46,47,8,0
1262,7440,nom1263,56,150,4,0
1263,7453,nom1264,75,184,1,0
1264,7456,nom1265,41,33,5,0
1265,7476,nom1266,57,227,7,2
1266,7488,nom1267,49,175,2,0
1267,7498,nom1268,72,2413,8,3
1268,7500,nom1269,65,439,1,2
1269,7507,nom1270,35,618,17,1
1270,7510,nom1271,18,126,11,0
1271,7511,nom1272,29,48,8,0
1272,7525,nom1273,35,141,7,0
1273,7526,nom1274,24,27,8,0
1274,7527,nom1275,45,128,3,0
1275,7531,nom1276,16,477,5,2
1276,7532,nom1277,46,137,3,0
1277,7545,nom1278,51,49,8,0
1278,7547,nom1279,61,285,12,2
1279,7559,nom1280,22,632,5,1
1280,7567,nom1281,50,92,6,0
1281,7569,nom1282,83,54,8,0
1282,7573,nom1283,38,22,8,0
1283,7589,nom1284,27,72,8,0
1284,7594,nom1285,53,25,8,0
1285,7595,nom1286,78,402,2,2
1286,7596,nom1287,38,233,7,2
1287,7616,nom1288,79,513,2,1
1288,7621,nom1289,36,12,8,0
1289,7628,nom1290,35,298,16,2
1290,7629,nom1291,70,29,8,0
1291,7630,nom1292,52,30,7,0
1292,7641,nom1293,20,23,8,0
1293,7643,nom1294,26,253,8,2
1294,7645,nom1295,42,40,8,0
1295,7646,nom1296,44,212,11,2
1296,7649,nom1297,46,27,8,0
1297,7652,nom1298,43,270,16,2
1298,7660,nom1299,17,29,8,0
1299,7663,nom1300,49,34,8,0
1300,7670,nom1301,63,46,8,0
1301,7671,nom1302,56,38,3,0
1302,7675,nom1303,28,117,8,0
1303,7684,nom1304,41,133,3,0
1304,7687,nom1305,35,76,8,0
1305,7697,nom1306,45,471,2,2
1306,7698,nom1307,49,180,7,0
1307,7706,nom1308,19,183,10,0
1308,7710,nom1309,37,532,2,1
1309,7718,nom1310,15,22,8,0
1310,7719,nom1311,28,60,8,0
1311,7720,nom1312,51,443,2,2
1312,7724,nom1313,23,146,17,0
1313,7734,nom1314,39,40,8,0
1314,7740,nom1315,57,58,3,0
1315,7741,nom1316,44,72,8,0
1316,7745,nom1317,78,52,8,0
1317,7747,nom1318,24,192,11,2
1318,7760,nom1319,31,114,8,0
1319,7762,nom1320,55,40,15,0
1320,7769,nom1321,19,61,7,0
1321,7773,nom1322,42,176,18,0
1322,7785,nom1323,16,173,1,0
1323,7789,nom1324,39,81,4,0
1324,7795,nom1325,50,124,16,0
1325,7798,nom1326,40,130,8,0
1326,7802,nom1327,38,27,17,0
1327,7805,nom1328,52,849,17,1
1328,7806,nom1329,61,46,8,0
1329,7815,nom1330,35,43,8,0
1330,7821,nom1331,45,156,7,0
1331,7826,nom1332,35,328,8,2
1332,7831,nom1333,38,51,17,0
1333,7834,nom1334,25,107,6,0
1334,7852,nom1335,45,19,8,0
1335,7854,nom1336,47,30,8,0
1336,7857,nom1337,46,155,8,0
1337,7862,nom1338,57,162,18,0
1338,7863,nom1339,44,10,8,0
1339,7873,nom1340,79,573,2,1
1340,7875,nom1341,30,84,18,0
1341,7877,nom1342,45,35,8,0
1342,7885,nom1343,37,118,8,0
1343,7888,nom1344,59,282,17,2
1344,7903,nom1345,36,32,8,0
1345,7911,nom1346,64,162,8,0
1346,7917,nom1347,55,200,6,2
1347,7922,nom1348,40,83,8,0
1348,7924,nom1349,66,136,7,0
1349,7928,nom1350,60,99,8,0
1350,7931,nom1351,45,403,8,2
1351,7932,nom1352,33,214,3,2
1352,7945,nom1353,67,145,7,0
1353,7946,nom1354,48,280,2,2
1354,7953,nom1355,48,19,8,0
1355,7957,nom1356,40,113,17,0
1356,7960,nom1357,75,42,8,0
1357,7963,nom1358,38,92,7,0
1358,7973,nom1359,55,2688,5,3
1359,7983,nom1360,43,140,8,0
1360,7995,nom1361,37,209,5,2
1361,8002,nom1362,43,58,7,0
1362,8021,nom1363,60,210,15,2
1363,8022,nom1364,56,175,8,0
1364,8023,nom1365,39,40,5,0
1365,8028,nom1366,28,70,7,0
1366,8039,nom1367,45,87,8,0
1367,8053,nom1368,57,267,18,2
1368,8076,nom1369,58,217,17,2
1369,8079,nom1370,27,78,7,0
1370,8102,nom1371,64,141,7,0
1371,8104,nom1372,62,311,8,2
1372,8121,nom1373,51,82,8,0
1373,8124,nom1374,75,410,6,2
1374,8132,nom1375,39,118,8,0
1375,8139,nom1376,50,88,8,0
1376,8154,nom1377,23,296,15,2
1377,8172,nom1378,46,105,17,0
1378,8184,nom1379,72,350,7,2
1379,8197,nom1380,74,554,1,1
1380,8201,nom1381,40,54,8,0
1381,8205,nom1382,38,418,18,2
1382,8215,nom1383,62,291,8,2
1383,8220,nom1384,31,193,3,2
1384,8228,nom1385,49,398,8,2
1385,8231,nom1386,47,38,8,0
1386,8233,nom1387,62,410,18,2
1387,8238,nom1388,23,163,5,0
1388,8245,nom1389,31,48,2,0
1389,8247,nom1390,21,38,8,0
1390,8260,nom1391,27,170,2,0
1391,8269,nom1392,35,1794,18,4
1392,8272,nom1393,35,173,7,0
1393,8282,nom1394,29,166,2,0
1394,8284,nom1395,31,242,8,2
1395,8286,nom1396,58,61,7,0
1396,8293,nom1397,45,267,18,2
1397,8294,nom1398,45,251,8,2
1398,8299,nom1399,43,72,8,0
1399,8319,nom1400,20,533,2,1
1400,8320,nom1401,80,1762,2,4
1401,8325,nom1402,74,116,7,0
1402,8334,nom1403,55,343,17,2
1403,8341,nom1404,51,41,8,0
1404,8345,nom1405,83,23,15,0
1405,8351,nom1406,45,45,8,0
1406,8354,nom1407,50,264,16,2
1407,8361,nom1408,76,404,2,2
1408,8365,nom1409,18,83,5,0
1409,8378,nom1410,32,219,16,2
1410,8380,nom1411,34,31,7,0
1411,8383,nom1412,20,73,11,0
1412,8384,nom1413,42,65,17,0
1413,8389,nom1414,33,272,8,2
1414,8395,nom1415,31,56,8,0
1415,8398,nom1416,70,80,8,0
1416,8403,nom1417,32,57,15,0
1417,8405,nom1418,34,72,8,0
1418,8407,nom1419,26,297,7,2
1419,8410,nom1420,61,81,12,0
1420,8419,nom1421,33,33,8,0
1421,8422,nom1422,38,351,17,2
1422,8428,nom1423,68,74,8,0
1423,8446,nom1424,61,108,8,0
1424,8450,nom1425,15,25,7,0
1425,8453,nom1426,58,58,8,0
1426,8456,nom1427,71,46,7,0
1427,8460,nom1428,55,77,8,0
1428,8463,nom1429,29,172,5,0
1429,8465,nom1430,45,183,2,0
1430,8467,nom1431,73,99,7,0
1431,8468,nom1432,17,26,15,0
1432,8473,nom1433,41,114,18,0
1433,8494,nom1434,38,440,5,2
1434,8499,nom1435,64,275,13,2
1435,8504,nom1436,38,626,15,1
1436,8506,nom1437,58,65,8,0
1437,8508,nom1438,21,1191,7,4
1438,8515,nom1439,18,65,8,0
1439,8518,nom1440,40,50,8,0
1440,8526,nom1441,47,288,12,2
1441,8532,nom1442,50,111,8,0
1442,8541,nom1443,50,201,4,2
1443,8547,nom1444,78,30,8,0
1444,8560,nom1445,29,62,8,0
1445,8562,nom1446,38,134,18,0
1446,8565,nom1447,54,131,2,0
1447,8570,nom1448,43,2303,8,3
1448,8572,nom1449,32,114,6,0
1449,8578,nom1450,41,393,11,2
1450,8587,nom1451,41,196,17,2
1451,8592,nom1452,54,282,18,2
1452,8596,nom1453,21,341,3,2
1453,8600,nom1454,56,28,8,0
1454,8611,nom1455,44,516,18,1
1455,8612,nom1456,40,140,3,0
1456,8627,nom1457,33,55,8,0
1457,8630,nom1458,28,33,8,0
1458,8645,nom1459,32,455,2,2
1459,8652,nom1460,45,240,8,2
1460,8662,nom1461,29,273,2,2
1461,8665,nom1462,25,93,8,0
1462,8673,nom1463,49,78,8,0
1463,8686,nom1464,40,217,17,2
1464,8689,nom1465,48,193,3,2
1465,8694,nom1466,49,329,8,2
1466,8707,nom1467,73,129,8,0
1467,8708,nom1468,61,887,2,1
1468,8709,nom1469,36,153,5,0
1469,8712,nom1470,36,50,8,0
1470,8713,nom1471,56,101,8,0
1471,8714,nom1472,42,225,11,2
1472,8715,nom1473,46,55,3,0
1473,8716,nom1474,29,30,8,0
1474,8737,nom1475,56,326,5,2
1475,8739,nom1476,54,1632,7,4
1476,8753,nom1477,70,30,8,0
1477,8761,nom1478,34,209,8,2
1478,8762,nom1479,23,172,2,0
1479,8783,nom1480,17,94,11,0
1480,8816,nom1481,42,130,16,0
1481,8818,nom1482,16,62,8,0
1482,8822,nom1483,47,152,17,0
1483,8823,nom1484,36,156,8,0
1484,8824,nom1485,40,39,8,0
1485,8829,nom1486,50,35,8,0
1486,8830,nom1487,22,104,2,0
1487,8838,nom1488,67,181,4,0
1488,8846,nom1489,36,94,8,0
1489,8865,nom1490,37,40,7,0
1490,8874,nom1491,42,55,8,0
1491,8879,nom1492,69,200,7,2
1492,8880,nom1493,54,108,2,0
1493,8883,nom1494,43,277,8,2
1494,8896,nom1495,50,391,18,2
1495,8898,nom1496,37,25,8,0
1496,8913,nom1497,26,80,8,0
1497,8925,nom1498,44,325,17,2
1498,8928,nom1499,66,128,8,0
1499,8929,nom1500,48,49,7,0
1500,8939,nom1501,59,365,2,2
1501,8944,nom1502,33,137,8,0
1502,8966,nom1503,60,104,8,0
1503,8967,nom1504,42,58,8,0
1504,8972,nom1505,44,217,4,2
1505,8974,nom1506,42,363,2,2
1506,8983,nom1507,30,250,17,2
1507,8987,nom1508,50,41,8,0
1508,8991,nom1509,41,172,8,0
1509,9013,nom1510,47,67,15,0
1510,9019,nom1511,37,91,4,0
1511,9023,nom1512,38,387,8,2
1512,9024,nom1513,54,121,2,0
1513,9030,nom1514,39,136,7,0
1514,9031,nom1515,68,316,1,2
1515,9040,nom1516,29,215,18,2
1516,9047,nom1517,52,44,3,0
1517,9053,nom1518,58,212,8,2
1518,9054,nom1519,42,833,16,1
1519,9055,nom1520,40,233,5,2
1520,9089,nom1521,69,331,8,2
1521,9105,nom1522,18,43,8,0
1522,9117,nom1523,35,71,5,0
1523,9122,nom1524,45,53,8,0
1524,9127,nom1525,17,33,15,0
1525,9132,nom1526,48,314,3,2
1526,9133,nom1527,58,1044,8,1
1527,9135,nom1528,36,42,8,0
1528,9136,nom1529,45,36,2,0
1529,9139,nom1530,39,63,2,0
1530,9148,nom1531,54,201,2,2
1531,9157,nom1532,47,55,3,0
1532,9164,nom1533,85,84,8,0
1533,9166,nom1534,52,190,18,2
1534,9175,nom1535,20,392,11,2
1535,9178,nom1536,68,32,8,0
1536,9185,nom1537,41,15,18,0
1537,9189,nom1538,35,65,8,0
1538,9197,nom1539,37,101,1,0
1539,9198,nom1540,48,28,8,0
1540,9207,nom1541,27,179,1,0
1541,9214,nom1542,50,58,8,0
1542,9217,nom1543,66,199,7,2
1543,9222,nom1544,63,54,8,0
1544,9233,nom1545,54,94,8,0
1545,9238,nom1546,71,409,15,2
1546,9242,nom1547,29,267,6,2
1547,9248,nom1548,21,95,8,0
1548,9249,nom1549,81,177,12,0
1549,9254,nom1550,29,143,7,0
1550,9256,nom1551,68,247,15,2
1551,9269,nom1552,65,42,8,0
1552,9278,nom1553,32,139,15,0
1553,9280,nom1554,35,324,18,2
1554,9303,nom1555,33,90,1,0
1555,9305,nom1556,41,44,15,0
1556,9314,nom1557,71,110,8,0
1557,9318,nom1558,39,59,12,0
1558,9320,nom1559,38,70,8,0
1559,9322,nom1560,50,172,15,0
1560,9329,nom1561,45,171,8,0
1561,9331,nom1562,43,41,7,0
1562,9333,nom1563,50,136,8,0
1563,9337,nom1564,85,70,8,0
1564,9339,nom1565,56,114,14,0
1565,9342,nom1566,71,82,8,0
1566,9344,nom1567,49,420,18,2
1567,9347,nom1568,41,142,8,0
1568,9351,nom1569,78,49,7,0
1569,9353,nom1570,57,21,7,0
1570,9359,nom1571,35,203,16,2
1571,9363,nom1572,27,94,2,0
1572,9375,nom1573,73,55,7,0
1573,9381,nom1574,65,633,8,1
1574,9390,nom1575,29,66,15,0
1575,9409,nom1576,52,69,8,0
1576,9414,nom1577,61,683,6,1
1577,9415,nom1578,69,48,8,0
1578,9423,nom1579,26,78,8,0
1579,9432,nom1580,43,216,18,2
1580,9440,nom1581,50,237,2,2
1581,9441,nom1582,41,146,4,0
1582,9445,nom1583,32,152,4,0
1583,9451,nom1584,57,148,11,0
1584,9462,nom1585,19,33,8,0
1585,9467,nom1586,33,131,5,0
1586,9474,nom1587,34,17,8,0
1587,9479,nom1588,50,20,8,0
1588,9489,nom1589,46,59,8,0
1589,9490,nom1590,50,52,3,0
1590,9501,nom1591,16,25,8,0
1591,9502,nom1592,67,50,8,0
1592,9509,nom1593,42,260,18,2
1593,9510,nom1594,67,900,8,1
1594,9514,nom1595,42,28,7,0
1595,9520,nom1596,53,59,8,0
1596,9522,nom1597,53,538,2,1
1597,9523,nom1598,49,184,17,0
1598,9526,nom1599,40,112,8,0
1599,9531,nom1600,69,750,4,1
1600,9532,nom1601,19,134,2,0
1601,9535,nom1602,64,318,2,2
1602,9538,nom1603,67,587,1,1
1603,9547,nom1604,35,74,8,0
1604,9567,nom1605,16,27,1,0
1605,9580,nom1606,64,52,8,0
1606,9582,nom1607,39,101,8,0
1607,9590,nom1608,66,199,1,2
1608,9607,nom1609,48,114,6,0
1609,9613,nom1610,60,503,2,1
1610,9625,nom1611,46,187,8,2
1611,9635,nom1612,31,102,15,0
1612,9636,nom1613,70,490,6,1
1613,9637,nom1614,51,216,5,2
1614,9638,nom1615,29,295,16,2
1615,9639,nom1616,46,71,8,0
1616,9672,nom1617,35,99,8,0
1617,9673,nom1618,47,51,8,0
1618,9677,nom1619,45,255,5,2
1619,9678,nom1620,34,63,8,0
1620,9683,nom1621,60,166,7,0
1621,9689,nom1622,29,103,8,0
1622,9692,nom1623,15,1412,2,4
1623,9695,nom1624,28,42,1,0
1624,9731,nom1625,39,63,8,0
1625,9737,nom1626,29,109,8,0
1626,9757,nom1627,46,39,8,0
1627,9763,nom1628,73,202,8,2
1628,9764,nom1629,37,18,8,0
1629,9779,nom1630,21,282,5,2
1630,9787,nom1631,41,100,5,0
1631,9801,nom1632,46,240,18,2
1632,9802,nom1633,67,253,7,2
1633,9825,nom1634,37,63,8,0
1634,9828,nom1635,65,241,8,2
1635,9830,nom1636,68,137,8,0
1636,9844,nom1637,47,322,16,2
1637,9847,nom1638,22,43,8,0
1638,9857,nom1639,68,254,2,2
1639,9862,nom1640,18,964,2,1
1640,9865,nom1641,40,328,18,2
1641,9878,nom1642,43,267,18,2
1642,9882,nom1643,43,28,7,0
1643,9888,nom1644,80,21,7,0
1644,9893,nom1645,52,50,8,0
1645,9916,nom1646,35,66,7,0
1646,9925,nom1647,38,181,5,0
1647,9940,nom1648,79,230,18,2
1648,9942,nom1649,35,151,16,0
1649,9954,nom1650,23,171,7,0
1650,9963,nom1651,38,42,8,0
1651,9967,nom1652,26,130,7,0
1652,9971,nom1653,52,64,7,0
1653,9974,nom1654,27,203,4,2
1654,9984,nom1655,67,56,15,0
1655,9989,nom1656,76,55,12,0
1656,9992,nom1657,43,60,7,0
1657,10010,nom1658,54,363,7,2
1658,10015,nom1659,28,49,8,0
1659,10049,nom1660,55,160,6,0
1660,10050,nom1661,35,113,17,0
1661,10051,nom1662,42,1855,2,4
1662,10061,nom1663,33,61,8,0
1663,10068,nom1664,46,251,1,2
1664,10070,nom1665,40,70,3,0
1665,10076,nom1666,30,55,7,0
1666,10080,nom1667,30,178,7,0
1667,10082,nom1668,39,30,8,0
1668,10089,nom1669,39,160,2,0
1669,10090,nom1670,51,185,3,2
1670,10101,nom1671,48,39,18,0
1671,10102,nom1672,49,306,2,2
1672,10119,nom1673,51,179,15,0
1673,10132,nom1674,41,58,8,0
1674,10135,nom1675,61,29,15,0
1675,10147,nom1676,62,59,8,0
1676,10148,nom1677,48,79,13,0
1677,10154,nom1678,67,392,1,2
1678,10171,nom1679,35,14,8,0
1679,10174,nom1680,48,1122,8,1
1680,10184,nom1681,52,35,8,0
1681,10196,nom1682,31,433,7,2
1682,10198,nom1683,34,49,8,0
1683,10204,nom1684,55,228,8,2
1684,10214,nom1685,41,206,17,2
1685,10221,nom1686,32,25,8,0
1686,10228,nom1687,33,393,8,2
1687,10229,nom1688,38,24,17,0
1688,10231,nom1689,62,1200,1,4
1689,10235,nom1690,66,67,8,0
1690,10245,nom1691,75,2570,2,3
1691,10246,nom1692,47,26,8,0
1692,10248,nom1693,50,691,2,1
1693,10252,nom1694,83,37,8,0
1694,10255,nom1695,46,467,5,2
1695,10256,nom1696,50,63,3,0
1696,10271,nom1697,49,129,15,0
1697,10285,nom1698,41,24,7,0
1698,10289,nom1699,58,2377,1,3
1699,10298,nom1700,54,41,8,0
1700,10302,nom1701,46,25,8,0
1701,10306,nom1702,57,729,8,1
1702,10320,nom1703,34,51,8,0
1703,10323,nom1704,68,23,2,0
1704,10334,nom1705,39,302,2,2
1705,10339,nom1706,65,137,2,0
1706,10340,nom1707,43,73,8,0
1707,10343,nom1708,40,266,8,2
1708,10347,nom1709,41,282,8,2
1709,10350,nom1710,43,343,1,2
1710,10352,nom1711,18,94,3,0
1711,10366,nom1712,30,117,8,0
1712,10371,nom1713,71,75,8,0
1713,10373,nom1714,52,153,16,0
1714,10374,nom1715,41,134,18,0
1715,10375,nom1716,85,59,8,0
1716,10387,nom1717,51,521,8,1
1717,10390,nom1718,33,81,8,0
1718,10392,nom1719,43,35,8,0
1719,10394,nom1720,61,49,8,0
1720,10399,nom1721,28,26,7,0
1721,10401,nom1722,44,156,7,0
1722,10403,nom1723,32,161,2,0
1723,10404,nom1724,30,264,2,2
1724,10411,nom1725,29,366,4,2
1725,10414,nom1726,45,53,8,0
1726,10455,nom1727,79,794,8,1
1727,10466,nom1728,58,166,16,0
1728,10467,nom1729,37,20,8,0
1729,10473,nom1730,69,242,7,2
1730,10504,nom1731,52,73,8,0
1731,10515,nom1732,36,59,8,0
1732,10517,nom1733,61,69,8,0
1733,10519,nom1734,46,271,16,2
1734,10523,nom1735,27,11,8,0
1735,10529,nom1736,71,341,2,2
1736,10531,nom1737,36,573,2,1
1737,10533,nom1738,58,71,3,0
1738,10536,nom1739,20,91,8,0
1739,10543,nom1740,59,46,1,0
1740,10544,nom1741,34,135,7,0
1741,10545,nom1742,57,319,12,2
1742,10563,nom1743,20,30,15,0
1743,10566,nom1744,85,133,8,0
1744,10567,nom1745,34,39,8,0
1745,10576,nom1746,40,94,2,0
1746,10578,nom1747,65,90,7,0
1747,10590,nom1748,50,150,15,0
1748,10600,nom1749,39,421,16,2
1749,10604,nom1750,42,609,1,1
1750,10605,nom1751,62,56,7,0
1751,10611,nom1752,48,285,17,2
1752,10615,nom1753,17,335,5,2
1753,10617,nom1754,66,82,8,0
1754,10624,nom1755,39,219,17,2
1755,10626,nom1756,34,302,18,2
1756,10645,nom1757,66,14,7,0
1757,10652,nom1758,63,459,8,2
1758,10669,nom1759,42,143,5,0
1759,10670,nom1760,79,878,8,1
1760,10672,nom1761,38,104,8,0
1761,10694,nom1762,25,57,8,0
1762,10699,nom1763,35,134,18,0
1763,10704,nom1764,22,19,8,0
1764,10707,nom1765,42,378,15,2
1765,10708,nom1766,38,91,3,0
1766,10709,nom1767,74,80,8,0
1767,10718,nom1768,23,273,2,2
1768,10724,nom1769,67,236,12,2
1769,10732,nom1770,38,60,8,0
1770,10741,nom1771,42,121,15,0
1771,10742,nom1772,42,106,7,0
1772,10744,nom1773,35,109,8,0
1773,10760,nom1774,39,117,8,0
1774,10768,nom1775,38,27,8,0
1775,10778,nom1776,35,292,2,2
1776,10784,nom1777,67,114,2,0
1777,10786,nom1778,47,154,8,0
1778,10793,nom1779,18,33,8,0
1779,10798,nom1780,54,107,8,0
1780,10804,nom1781,36,47,7,0
1781,10807,nom1782,59,102,8,0
1782,10814,nom1783,39,72,15,0
1783,10825,nom1784,56,164,12,0
1784,10826,nom1785,57,72,8,0
1785,10831,nom1786,31,647,2,1
1786,10833,nom1787,22,91,7,0
1787,10835,nom1788,34,171,8,0
1788,10838,nom1789,36,282,18,2
1789,10841,nom1790,41,34,7,0
1790,10847,nom1791,62,411,18,2
1791,10856,nom1792,38,436,18,2
1792,10860,nom1793,49,1510,8,4
1793,10872,nom1794,52,545,2,1
1794,10877,nom1795,69,32,7,0
1795,10878,nom1796,68,120,17,0
1796,10882,nom1797,69,428,8,2
1797,10891,nom1798,54,85,16,0
1798,10895,nom1799,53,83,8,0
1799,10901,nom1800,47,309,8,2
1800,10902,nom1801,39,32,8,0
1801,10903,nom1802,21,19,8,0
1802,10906,nom1803,60,46,8,0
1803,10914,nom1804,34,153,8,0
1804,10920,nom1805,34,48,3,0
1805,10936,nom1806,55,307,8,2
1806,10940,nom1807,52,93,8,0
1807,10942,nom1808,34,49,8,0
1808,10944,nom1809,49,35,8,0
1809,10959,nom1810,20,1833,7,4
1810,10965,nom1811,33,74,6,0
1811,10970,nom1812,56,972,7,1
1812,10972,nom1813,76,22,8,0
1813,10986,nom1814,72,126,12,0
1814,10994,nom1815,58,2563,8,3
1815,10997,nom1816,71,80,8,0
1816,10999,nom1817,60,36,8,0
1817,11004,nom1818,53,51,8,0
1818,11005,nom1819,66,177,2,0
1819,11011,nom1820,44,119,7,0
1820,11015,nom1821,51,24,7,0
1821,11017,nom1822,46,24,15,0
1822,11018,nom1823,16,123,5,0
1823,11021,nom1824,33,48,8,0
1824,11036,nom1825,40,136,18,0
1825,11050,nom1826,38,42,15,0
1826,11056,nom1827,31,58,8,0
1827,11059,nom1828,25,215,2,2
1828,11062,nom1829,37,369,16,2
1829,11066,nom1830,30,758,7,1
1830,11068,nom1831,16,17,8,0
1831,11072,nom1832,67,1698,7,4
1832,11074,nom1833,19,94,8,0
1833,11077,nom1834,78,249,18,2
1834,11080,nom1835,48,38,3,0
1835,11081,nom1836,52,23,8,0
1836,11087,nom1837,35,1592,2,4
1837,11091,nom1838,54,414,8,2
1838,11096,nom1839,74,54,8,0
1839,11100,nom1840,32,126,17,0
1840,11103,nom1841,57,160,18,0
1841,11106,nom1842,66,219,8,2
1842,11121,nom1843,39,67,7,0
1843,11149,nom1844,41,25,8,0
1844,11172,nom1845,44,33,15,0
1845,11174,nom1846,39,85,18,0
1846,11176,nom1847,58,323,8,2
1847,11178,nom1848,53,39,7,0
1848,11183,nom1849,19,192,8,2
1849,11185,nom1850,26,157,2,0
1850,11196,nom1851,59,90,18,0
1851,11198,nom1852,26,93,8,0
1852,11203,nom1853,57,319,17,2
1853,11210,nom1854,57,20,8,0
1854,11213,nom1855,50,66,8,0
1855,11219,nom1856,37,162,18,0
1856,11221,nom1857,63,70,7,0
1857,11224,nom1858,39,229,3,2
1858,11227,nom1859,35,469,2,2
1859,11249,nom1860,39,31,8,0
1860,11250,nom1861,34,56,8,0
1861,11252,nom1862,27,442,18,2
1862,11267,nom1863,34,218,2,2
1863,11268,nom1864,73,280,12,2
1864,11277,nom1865,32,57,8,0
1865,11281,nom1866,31,160,8,0
1866,11284,nom1867,72,481,8,2
1867,11296,nom1868,43,87,8,0
1868,11300,nom1869,41,21,8,0
1869,11312,nom1870,49,210,6,2
1870,11314,nom1871,44,328,1,2
1871,11316,nom1872,47,454,16,2
1872,11324,nom1873,81,389,8,2
1873,11326,nom1874,54,121,8,0
1874,11355,nom1875,40,229,5,2
1875,11356,nom1876,49,94,8,0
1876,11363,nom1877,55,749,2,1
1877,11372,nom1878,31,267,18,2
1878,11378,nom1879,44,333,11,2
1879,11379,nom1880,58,280,8,2
1880,11383,nom1881,54,119,8,0
1881,11395,nom1882,64,180,1,0
1882,11410,nom1883,24,885,2,1
1883,11424,nom1884,74,85,7,0
1884,11431,nom1885,56,370,1,2
1885,11438,nom1886,54,86,8,0
1886,11446,nom1887,52,32,8,0
1887,11451,nom1888,37,60,8,0
1888,11456,nom1889,59,163,7,0
1889,11460,nom1890,57,84,7,0
1890,11467,nom1891,45,36,6,0
1891,11468,nom1892,68,47,7,0
1892,11470,nom1893,55,45,8,0
1893,11482,nom1894,17,121,2,0
1894,11486,nom1895,32,169,17,0
1895,11487,nom1896,52,202,17,2
1896,11495,nom1897,71,243,4,2
1897,11504,nom1898,46,35,8,0
1898,11512,nom1899,44,219,18,2
1899,11513,nom1900,35,51,5,0
1900,11514,nom1901,36,26,7,0
1901,11519,nom1902,55,213,5,2
1902,11526,nom1903,56,115,8,0
1903,11532,nom1904,49,124,7,0
1904,11533,nom1905,69,35,8,0
1905,11535,nom1906,54,248,8,2
1906,11536,nom1907,38,241,18,2
1907,11539,nom1908,63,26,8,0
1908,11541,nom1909,77,1500,8,4
1909,11542,nom1910,36,58,7,0
1910,11543,nom1911,70,258,17,2
1911,11546,nom1912,26,197,3,2
1912,11555,nom1913,44,306,18,2
1913,11559,nom1914,50,42,15,0
1914,11565,nom1915,28,175,7,0
1915,11603,nom1916,61,148,12,0
1916,11620,nom1917,65,1040,1,1
1917,11625,nom1918,59,714,8,1
1918,11627,nom1919,74,198,13,2
1919,11638,nom1920,78,120,8,0
1920,11644,nom1921,59,118,4,0
1921,11659,nom1922,51,22,17,0
1922,11667,nom1923,66,43,8,0
1923,11669,nom1924,62,158,8,0
1924,11670,nom1925,40,53,8,0
1925,11674,nom1926,76,66,8,0
1926,11682,nom1927,38,35,8,0
1927,11689,nom1928,33,579,2,1
1928,11699,nom1929,49,183,7,0
1929,11725,nom1930,69,68,8,0
1930,11735,nom1931,24,175,2,0
1931,11742,nom1932,26,391,8,2
1932,11744,nom1933,71,560,8,1
1933,11757,nom1934,18,218,2,2
1934,11765,nom1935,34,177,17,0
1935,11774,nom1936,29,102,1,0
1936,11775,nom1937,37,144,3,0
1937,11796,nom1938,69,39,7,0
1938,11801,nom1939,45,74,3,0
1939,11805,nom1940,45,481,2,2
1940,11811,nom1941,52,138,3,0
1941,11821,nom1942,39,80,8,0
1942,11827,nom1943,71,387,2,2
1943,11834,nom1944,52,166,18,0
1944,11837,nom1945,69,91,12,0
1945,11839,nom1946,73,91,7,0
1946,11861,nom1947,34,408,7,2
1947,11862,nom1948,19,1040,2,1
1948,11863,nom1949,52,59,15,0
1949,11883,nom1950,37,141,5,0
1950,11884,nom1951,37,40,8,0
1951,11886,nom1952,54,222,8,2
1952,11887,nom1953,74,123,5,0
1953,11890,nom1954,36,89,7,0
1954,11897,nom1955,51,112,5,0
1955,11900,nom1956,38,57,8,0
1956,11906,nom1957,28,149,2,0
1957,11911,nom1958,41,44,8,0
1958,11921,nom1959,52,65,8,0
1959,11923,nom1960,20,212,10,2
1960,11926,nom1961,26,100,7,0
1961,11932,nom1962,76,25,8,0
1962,11942,nom1963,45,2388,17,3
1963,11945,nom1964,62,377,1,2
1964,11949,nom1965,41,538,16,1
1965,11951,nom1966,44,209,15,2
1966,11956,nom1967,69,19,8,0
1967,11957,nom1968,50,67,8,0
1968,11964,nom1969,40,26,1,0
1969,11972,nom1970,62,33,8,0
1970,11981,nom1971,50,77,15,0
1971,11991,nom1972,61,223,8,2
1972,11994,nom1973,66,80,8,0
1973,11996,nom1974,38,37,18,0
1974,11999,nom1975,29,187,17,2
1975,12001,nom1976,50,42,8,0
1976,12002,nom1977,63,121,12,0
1977,12003,nom1978,47,110,15,0
1978,12011,nom1979,52,125,18,0
1979,12013,nom1980,76,116,8,0
1980,12019,nom1981,41,502,17,1
1981,12020,nom1982,71,33,8,0
1982,12026,nom1983,41,654,8,1
1983,12028,nom1984,36,735,8,1
1984,12032,nom1985,69,207,12,2
1985,12033,nom1986,37,696,8,1
1986,12035,nom1987,49,25,3,0
1987,12036,nom1988,41,99,7,0
1988,12053,nom1989,40,331,5,2
1989,12054,nom1990,44,71,3,0
1990,12056,nom1991,47,30,3,0
1991,12058,nom1992,60,264,2,2
1992,12064,nom1993,57,91,7,0
1993,12074,nom1994,42,369,7,2
1994,12077,nom1995,19,219,12,2
1995,12088,nom1996,65,59,1,0
1996,12098,nom1997,49,233,7,2
1997,12099,nom1998,17,235,2,2
1998,12102,nom1999,56,469,2,2
1999,12106,nom2000,66,376,8,2
2000,12109,nom2001,24,375,5,2
2001,12112,nom2002,70,95,8,0
2002,12116,nom2003,60,236,8,2
2003,12126,nom2004,68,373,1,2
2004,12127,nom2005,67,251,1,2
2005,12131,nom2006,57,29,8,0
2006,12140,nom2007,36,122,8,0
2007,12151,nom2008,22,177,2,0
2008,12154,nom2009,58,59,3,0
2009,12161,nom2010,42,191,17,2
2010,12165,nom2011,45,48,7,0
2011,12168,nom2012,16,10,8,0
2012,12172,nom2013,33,202,15,2
2013,12194,nom2014,30,71,8,0
2014,12198,nom2015,78,29,8,0
2015,12199,nom2016,50,254,2,2
2016,12205,nom2017,37,72,8,0
2017,12206,nom2018,43,98,1,0
2018,12208,nom2019,15,104,7,0
2019,12210,nom2020,29,200,16,2
2020,12222,nom2021,69,334,15,2
2021,12229,nom2022,44,51,8,0
2022,12230,nom2023,40,35,8,0
2023,12231,nom2024,18,33,7,0
2024,12235,nom2025,53,47,8,0
2025,12237,nom2026,68,416,8,2
2026,12238,nom2027,38,122,8,0
2027,12242,nom2028,51,1514,5,4
2028,12251,nom2029,38,155,15,0
2029,12257,nom2030,37,298,2,2
2030,12269,nom2031,56,21,7,0
2031,12272,nom2032,47,42,8,0
2032,12288,nom2033,36,53,2,0
2033,12291,nom2034,26,430,7,2
2034,12292,nom2035,21,873,5,1
2035,12313,nom2036,68,128,8,0
2036,12317,nom2037,47,57,7,0
2037,12322,nom2038,62,201,16,2
2038,12327,nom2039,72,92,8,0
2039,12328,nom2040,31,971,1,1
2040,12332,nom2041,43,214,8,2
2041,12335,nom2042,60,285,8,2
2042,12368,nom2043,33,282,16,2
2043,12377,nom2044,27,252,18,2
2044,12387,nom2045,42,417,18,2
2045,12397,nom2046,42,34,8,0
2046,12401,nom2047,36,284,17,2
2047,12411,nom2048,56,130,7,0
2048,12414,nom2049,55,31,8,0
2049,12417,nom2050,31,38,8,0
2050,12421,nom2051,42,59,8,0
2051,12434,nom2052,44,82,7,0
2052,12441,nom2053,74,51,7,0
2053,12448,nom2054,30,385,17,2
2054,12450,nom2055,18,218,8,2
2055,12451,nom2056,46,129,5,0
2056,12461,nom2057,76,36,7,0
2057,12462,nom2058,40,182,16,0
2058,12475,nom2059,65,419,7,2
2059,12478,nom2060,58,110,2,0
2060,12481,nom2061,55,640,2,1
2061,12489,nom2062,51,132,8,0
2062,12494,nom2063,71,94,8,0
2063,12497,nom2064,37,41,8,0
2064,12513,nom2065,15,27,8,0
2065,12515,nom2066,62,1862,17,4
2066,12520,nom2067,46,183,7,0
2067,12526,nom2068,53,37,8,0
2068,12534,nom2069,20,200,2,2
2069,12535,nom2070,56,362,1,2
2070,12537,nom2071,54,106,8,0
2071,12545,nom2072,57,98,6,0
2072,12550,nom2073,60,104,8,0
2073,12551,nom2074,45,20,8,0
2074,12571,nom2075,66,118,8,0
2075,12581,nom2076,40,82,8,0
2076,12605,nom2077,60,57,9,0
2077,12610,nom2078,26,32,9,0
2078,12618,nom2079,43,31,7,0
2079,12622,nom2080,36,132,6,0
2080,12629,nom2081,21,29,1,0
2081,12640,nom2082,41,52,8,0
2082,12643,nom2083,36,325,18,2
2083,12646,nom2084,46,45,8,0
2084,12648,nom2085,25,80,7,0
2085,12657,nom2086,33,191,18,2
2086,12660,nom2087,27,21,8,0
2087,12668,nom2088,67,2681,2,3
2088,12670,nom2089,33,144,15,0
2089,12696,nom2090,58,16,8,0
2090,12700,nom2091,32,58,8,0
2091,12705,nom2092,66,226,1,2
2092,12706,nom2093,26,33,8,0
2093,12708,nom2094,49,155,17,0
2094,12717,nom2095,66,61,8,0
2095,12718,nom2096,46,364,16,2
2096,12722,nom2097,15,12,8,0
2097,12732,nom2098,33,471,15,2
2098,12735,nom2099,45,72,8,0
2099,12743,nom2100,45,264,18,2
2100,12747,nom2101,33,62,17,0
2101,12751,nom2102,53,395,8,2
2102,12754,nom2103,44,41,7,0
2103,12756,nom2104,60,309,3,2
2104,12763,nom2105,33,231,17,2
2105,12771,nom2106,36,153,2,0
2106,12775,nom2107,47,49,8,0
2107,12785,nom2108,43,72,8,0
2108,12788,nom2109,32,49,8,0
2109,12800,nom2110,52,139,8,0
2110,12814,nom2111,70,96,8,0
2111,12821,nom2112,73,57,8,0
2112,12822,nom2113,41,89,3,0
2113,12825,nom2114,66,31,8,0
2114,12826,nom2115,66,316,2,2
2115,12840,nom2116,59,170,7,0
2116,12843,nom2117,75,214,8,2
2117,12845,nom2118,58,48,7,0
2118,12854,nom2119,57,225,2,2
2119,12858,nom2120,56,400,8,2
2120,12860,nom2121,79,48,6,0
2121,12865,nom2122,35,175,5,0
2122,12870,nom2123,40,136,18,0
2123,12873,nom2124,62,369,12,2
2124,12890,nom2125,57,201,7,2
2125,12893,nom2126,51,59,8,0
2126,12898,nom2127,52,135,8,0
2127,12912,nom2128,72,63,8,0
2128,12929,nom2129,70,593,2,1
2129,12935,nom2130,53,57,8,0
2130,12939,nom2131,68,188,18,2
2131,12947,nom2132,37,135,2,0
2132,12950,nom2133,32,146,17,0
2133,12953,nom2134,63,178,2,0
2134,12957,nom2135,80,737,1,1
2135,12960,nom2136,36,62,8,0
2136,12967,nom2137,62,426,8,2
2137,12982,nom2138,49,59,7,0
2138,12999,nom2139,22,33,8,0
2139,13008,nom2140,64,295,8,2
2140,13018,nom2141,51,55,12,0
2141,13028,nom2142,33,34,8,0
2142,13032,nom2143,18,32,8,0
2143,13038,nom2144,57,89,2,0
2144,13043,nom2145,57,76,8,0
2145,13053,nom2146,42,155,18,0
2146,13055,nom2147,34,298,7,2
2147,13059,nom2148,55,82,8,0
2148,13061,nom2149,67,37,7,0
2149,13063,nom2150,32,29,8,0
2150,13080,nom2151,64,24,8,0
2151,13083,nom2152,35,330,2,2
2152,13088,nom2153,75,54,8,0
2153,13089,nom2154,46,42,8,0
2154,13090,nom2155,56,139,2,0
2155,13094,nom2156,67,95,8,0
2156,13098,nom2157,34,170,2,0
2157,13116,nom2158,35,249,17,2
2158,13117,nom2159,42,141,2,0
2159,13120,nom2160,73,109,8,0
2160,13123,nom2161,47,81,7,0
2161,13126,nom2162,39,118,17,0
2162,13140,nom2163,18,38,3,0
2163,13144,nom2164,51,41,8,0
2164,13145,nom2165,21,285,8,2
2165,13147,nom2166,56,64,8,0
2166,13153,nom2167,54,233,3,2
2167,13155,nom2168,68,713,7,1
2168,13158,nom2169,27,119,17,0
2169,13159,nom2170,70,26,8,0
2170,13165,nom2171,40,68,8,0
2171,13166,nom2172,58,44,8,0
2172,13173,nom2173,67,217,8,2
2173,13177,nom2174,72,576,1,1
2174,13185,nom2175,25,132,8,0
2175,13199,nom2176,25,219,8,2
2176,13203,nom2177,39,127,8,0
2177,13204,nom2178,30,314,2,2
2178,13206,nom2179,42,153,7,0
2179,13208,nom2180,44,145,18,0
2180,13214,nom2181,22,135,8,0
2181,13219,nom2182,30,516,7,1
2182,13226,nom2183,67,452,2,2
2183,13230,nom2184,39,45,8,0
2184,13232,nom2185,22,24,8,0
2185,13237,nom2186,36,95,8,0
2186,13249,nom2187,30,475,17,2
2187,13250,nom2188,57,45,8,0
2188,13251,nom2189,25,146,3,0
2189,13274,nom2190,38,36,8,0
2190,13279,nom2191,17,135,2,0
2191,13285,nom2192,21,75,8,0
2192,13301,nom2193,56,57,3,0
2193,13314,nom2194,69,27,3,0
2194,13324,nom2195,69,40,12,0
2195,13327,nom2196,71,49,7,0
2196,13328,nom2197,72,21,7,0
2197,13329,nom2198,71,144,7,0
2198,13330,nom2199,39,114,7,0
2199,13332,nom2200,39,40,8,0
2200,13343,nom2201,74,3305,8,3
2201,13346,nom2202,49,264,17,2
2202,13349,nom2203,32,43,8,0
2203,13356,nom2204,59,37,7,0
2204,13362,nom2205,60,173,8,0
2205,13363,nom2206,47,114,8,0
2206,13368,nom2207,34,337,17,2
2207,13373,nom2208,30,121,15,0
2208,13376,nom2209,71,312,2,2
2209,13378,nom2210,44,45,8,0
2210,13391,nom2211,22,238,10,2
2211,13395,nom2212,33,438,5,2
2212,13396,nom2213,39,166,3,0
2213,13397,nom2214,64,2815,2,3
2214,13420,nom2215,33,88,15,0
2215,13423,nom2216,70,39,12,0
2216,13434,nom2217,37,175,5,0
2217,13436,nom2218,35,784,2,1
2218,13440,nom2219,69,138,8,0
2219,13455,nom2220,52,291,17,2
2220,13456,nom2221,42,50,8,0
2221,13459,nom2222,26,74,5,0
2222,13463,nom2223,60,40,1,0
2223,13465,nom2224,70,23,15,0
2224,13466,nom2225,31,239,5,2
2225,13470,nom2226,40,175,18,0
2226,13473,nom2227,49,1639,18,4
2227,13476,nom2228,52,174,2,0
2228,13477,nom2229,26,279,7,2
2229,13486,nom2230,59,419,5,2
2230,13488,nom2231,40,62,8,0
2231,13496,nom2232,51,103,8,0
2232,13498,nom2233,28,190,2,2
2233,13503,nom2234,23,66,17,0
2234,13509,nom2235,23,89,17,0
2235,13511,nom2236,55,115,8,0
2236,13517,nom2237,45,57,8,0
2237,13525,nom2238,34,53,8,0
2238,13531,nom2239,71,157,5,0
2239,13541,nom2240,46,179,2,0
2240,13550,nom2241,69,82,8,0
2241,13552,nom2242,66,154,8,0
2242,13553,nom2243,43,50,3,0
2243,13571,nom2244,19,40,10,0
2244,13576,nom2245,47,20,8,0
2245,13584,nom2246,23,104,8,0
2246,13585,nom2247,19,78,1,0
2247,13588,nom2248,26,44,8,0
2248,13594,nom2249,47,75,8,0
2249,13614,nom2250,54,843,8,1
2250,13616,nom2251,24,157,7,0
2251,13631,nom2252,67,104,8,0
2252,13650,nom2253,39,31,7,0
2253,13654,nom2254,32,445,16,2
2254,13658,nom2255,73,55,7,0
2255,13671,nom2256,67,54,8,0
2256,13672,nom2257,28,339,12,2
2257,13678,nom2258,28,169,5,0
2258,13679,nom2259,36,213,16,2
2259,13687,nom2260,62,211,7,2
2260,13695,nom2261,71,394,7,2
2261,13707,nom2262,35,93,8,0
2262,13709,nom2263,70,346,8,2
2263,13723,nom2264,34,118,8,0
2264,13725,nom2265,59,106,7,0
2265,13729,nom2266,68,142,8,0
2266,13733,nom2267,57,40,8,0
2267,13747,nom2268,28,552,8,1
2268,13748,nom2269,68,413,1,2
2269,13749,nom2270,65,38,7,0
2270,13768,nom2271,73,87,8,0
2271,13775,nom2272,40,68,15,0
2272,13781,nom2273,35,189,5,2
2273,13788,nom2274,39,362,18,2
2274,13798,nom2275,57,217,17,2
2275,13805,nom2276,58,41,8,0
2276,13807,nom2277,54,844,2,1
2277,13809,nom2278,65,353,1,2
2278,13810,nom2279,46,42,8,0
2279,13824,nom2280,29,173,2,0
2280,13826,nom2281,56,51,8,0
2281,13837,nom2282,49,168,16,0
2282,13851,nom2283,73,207,12,2
2283,13856,nom2284,69,60,6,0
2284,13868,nom2285,55,74,3,0
2285,13872,nom2286,27,42,4,0
2286,13883,nom2287,40,454,2,2
2287,13884,nom2288,25,270,3,2
2288,13900,nom2289,46,111,8,0
2289,13903,nom2290,71,37,7,0
2290,13912,nom2291,46,93,8,0
2291,13918,nom2292,65,112,4,0
2292,13923,nom2293,85,92,8,0
2293,13934,nom2294,65,53,8,0
2294,13942,nom2295,54,107,18,0
2295,13943,nom2296,32,244,12,2
2296,13944,nom2297,42,188,4,2
2297,13946,nom2298,49,199,16,2
2298,13951,nom2299,27,594,2,1
2299,13969,nom2300,61,23,7,0
2300,13978,nom2301,69,267,8,2
2301,13979,nom2302,35,77,8,0
2302,13989,nom2303,68,96,7,0
2303,14005,nom2304,57,42,8,0
2304,14010,nom2305,36,217,2,2
2305,14013,nom2306,45,35,8,0
2306,14014,nom2307,61,188,18,2
2307,14019,nom2308,34,38,8,0
2308,14029,nom2309,44,43,7,0
2309,14032,nom2310,39,1908,9,4
2310,14034,nom2311,24,109,8,0
2311,14039,nom2312,66,206,8,2
2312,14042,nom2313,60,52,8,0
2313,14045,nom2314,40,483,18,2
2314,14047,nom2315,37,129,17,0
2315,14053,nom2316,49,205,8,2
2316,14058,nom2317,45,644,2,1
2317,14064,nom2318,43,51,3,0
2318,14065,nom2319,51,128,3,0
2319,14073,nom2320,40,181,16,0
2320,14082,nom2321,35,130,2,0
2321,14085,nom2322,60,184,7,0
2322,14088,nom2323,44,94,17,0
2323,14091,nom2324,53,81,8,0
2324,14097,nom2325,36,239,15,2
2325,14099,nom2326,62,65,15,0
2326,14102,nom2327,44,133,17,0
2327,14109,nom2328,71,736,2,1
2328,14110,nom2329,52,18,8,0
2329,14111,nom2330,44,191,12,2
2330,14119,nom2331,28,164,6,0
2331,14125,nom2332,68,587,3,1
2332,14138,nom2333,27,232,1,2
2333,14139,nom2334,50,124,8,0
2334,14151,nom2335,33,60,8,0
2335,14162,nom2336,39,49,13,0
2336,14169,nom2337,64,126,7,0
2337,14177,nom2338,66,87,7,0
2338,14180,nom2339,48,155,8,0
2339,14185,nom2340,31,1457,8,4
2340,14190,nom2341,65,36,7,0
2341,14205,nom2342,53,53,8,0
2342,14206,nom2343,46,35,8,0
2343,14209,nom2344,34,153,5,0
2344,14246,nom2345,63,55,8,0
2345,14260,nom2346,76,171,2,0
2346,14261,nom2347,45,129,3,0
2347,14263,nom2348,31,49,8,0
2348,14265,nom2349,51,147,9,0
2349,14268,nom2350,47,30,8,0
2350,14271,nom2351,55,97,17,0
2351,14277,nom2352,16,121,8,0
2352,14284,nom2353,72,30,12,0
2353,14296,nom2354,56,242,8,2
2354,14301,nom2355,62,54,7,0
2355,14310,nom2356,41,127,7,0
2356,14322,nom2357,31,203,8,2
2357,14323,nom2358,62,22,7,0
2358,14334,nom2359,66,433,17,2
2359,14338,nom2360,54,118,8,0
2360,14340,nom2361,35,872,7,1
2361,14342,nom2362,54,1739,1,4
2362,14344,nom2363,45,457,8,2
2363,14347,nom2364,24,366,18,2
2364,14353,nom2365,53,68,8,0
2365,14357,nom2366,45,81,8,0
2366,14359,nom2367,76,30,8,0
2367,14364,nom2368,64,33,7,0
2368,14366,nom2369,33,177,7,0
2369,14372,nom2370,47,87,2,0
2370,14378,nom2371,17,108,8,0
